dominio;interno;servicios;anioModelo;cantAsientos;empresaNro;cuit;razonSocial;vigenciaHastaInspeccionTecnica;tecnicaNro;tipoTecnica;categoriaAprob;CarroceriaMarca;CarroceriaModelo;expOrig;expModif;disposicion;tacografoMarca;tacografoNro;linea;chasisNro;chasisMarca;chasisModelo;accesibilidad;jurisdiccion;aireAcondicionado;vigenciaHasta
AA544DS;976;"SERVICIO COMÚN";2013;40;2033;30546250551;"LA CENTRAL DE VICENTE LOPEZ S.A.C.";07/11/2026;118208;CENT;"URBANO  PISO BAJO MOVILIDAD REDUCIDA  ARTICULADO";METALPAR;;319406/2008;;1703/08;;;148;9BM382155CB851843;"MERCEDES BENZ";"O 500 UA";SI;JN:NACIONAL;NO;UC:2026-10-29
AA544DZ;387;"SERVICIO COMÚN";2016;25;2033;30546250551;"LA CENTRAL DE VICENTE LOPEZ S.A.C.";06/11/2026;118180;CENT;"URBANO PISO BAJO MOVILIDAD REDUCIDA CON AIRE ACONDICIONADO";ITALBUS;;50239/2016;;0048/16;;;148;8AB368185GA146069;"MERCEDES BENZ";"OH 1721 L-SB/62";SI;JN:NACIONAL;SI;UC:2026-10-28
AA660MA;325;"SERVICIO COMÚN";2016;25;2033;30546250551;"LA CENTRAL DE VICENTE LOPEZ S.A.C.";07/11/2026;118195;CENT;"URBANO PISO BAJO MOVILIDAD REDUCIDA CON AIRE ACONDICIONADO";ITALBUS;;50239/2016;;0048/16;;;148;8AB368187GA146176;"MERCEDES BENZ";"OH 1721 L-SB/62";SI;JN:NACIONAL;SI;UC:2026-10-28
AA945HF;329;"SERVICIO COMÚN";2017;25;2033;30546250551;"LA CENTRAL DE VICENTE LOPEZ S.A.C.";02/11/2026;117474;CENT;"URBANO PISO BAJO MOVILIDAD REDUCIDA CON AIRE ACONDICIONADO";ITALBUS;;50239/2016;;0048/16;;;148;8AB368187HA146253;"MERCEDES BENZ";"OH 1721 L-SB/62";SI;JN:NACIONAL;SI;UC:2026-10-28
AB042BM;389;"SERVICIO COMÚN";2017;25;2033;30546250551;"LA CENTRAL DE VICENTE LOPEZ S.A.C.";04/11/2026;118107;CENT;"URBANO PISO BAJO MOVILIDAD REDUCIDA CON AIRE ACONDICIONADO";ITALBUS;;50239/2016;;0048/16;;;148;8AB368187HA146570;"MERCEDES BENZ";"OH 1721 L-SB/62";SI;JN:NACIONAL;SI;UC:2026-10-28
AB190QH;3490;"SERVICIO COMÚN";2017;27;2033;30546250551;"LA CENTRAL DE VICENTE LOPEZ S.A.C.";04/05/2026;675812;CENT;"URBANO PISO BAJO MOV RED";METALPAR;;2667/2017;;0007/17;;;148;9BM382189HB040256;"MERCEDES BENZ";"O 500 U 1826/59";SI;JN:NACIONAL;SI;UC:2026-10-16
AB190QI;3500;"SERVICIO COMÚN";2017;27;2033;30546250551;"LA CENTRAL DE VICENTE LOPEZ S.A.C.";30/03/2026;661863;CENT;"URBANO PISO BAJO MOV RED";METALPAR;;2667/2017;;0007/17;;;148;9BM382189HB039533;"MERCEDES BENZ";"O 500 U 1826/59";SI;JN:NACIONAL;SI;UC:2026-10-16
AB190QJ;3510;"SERVICIO COMÚN";2017;27;2033;30546250551;"LA CENTRAL DE VICENTE LOPEZ S.A.C.";18/03/2026;656907;CENT;"URBANO PISO BAJO MOV RED";METALPAR;;2667/2017;;0007/17;;;148;9BM382189HB038945;"MERCEDES BENZ";"O 500 U 1826/59";SI;JN:NACIONAL;SI;UC:2026-10-16
AB190QL;3530;"SERVICIO COMÚN";2017;27;2033;30546250551;"LA CENTRAL DE VICENTE LOPEZ S.A.C.";28/05/2026;680298;CENT;"URBANO PISO BAJO MOV RED";METALPAR;;2667/2017;;0007/17;;;148;9BM382189HB038956;"MERCEDES BENZ";"O 500 U 1826/59";SI;JN:NACIONAL;SI;UC:2026-10-16
AB190QM;3540;"SERVICIO COMÚN";2017;27;2033;30546250551;"LA CENTRAL DE VICENTE LOPEZ S.A.C.";06/12/2026;109701;CENT;"URBANO PISO BAJO MOV RED";METALPAR;;2667/2017;;0007/17;;;148;9BM382189HB038978;"MERCEDES BENZ";"O 500 U 1826/59";SI;JN:NACIONAL;SI;UC:2026-10-16
AB309SX;327;"SERVICIO COMÚN";2017;25;2033;30546250551;"LA CENTRAL DE VICENTE LOPEZ S.A.C.";06/11/2026;118171;CENT;"URBANO PISO BAJO MOVILIDAD REDUCIDA CON AIRE ACONDICIONADO";ITALBUS;;50239/2016;;0048/16;;;148;8AB368187HA146576;"MERCEDES BENZ";"OH 1721 L-SB/62";SI;JN:NACIONAL;SI;UC:2026-10-28
AB414EV;386;"SERVICIO COMÚN";2017;25;2033;30546250551;"LA CENTRAL DE VICENTE LOPEZ S.A.C.";06/11/2026;118176;CENT;"URBANO PISO BAJO MOVILIDAD REDUCIDA CON AIRE ACONDICIONADO";ITALBUS;;50239/2016;;0048/16;;;148;8AB368187HA146255;"MERCEDES BENZ";"OH 1721 L-SB/62";SI;JN:NACIONAL;SI;UC:2026-10-28
AB414EW;385;"SERVICIO COMÚN";2017;25;2033;30546250551;"LA CENTRAL DE VICENTE LOPEZ S.A.C.";30/10/2026;117453;CENT;"URBANO PISO BAJO MOVILIDAD REDUCIDA CON AIRE ACONDICIONADO";ITALBUS;;50239/2016;;0048/16;;;148;8AB368187HA146257;"MERCEDES BENZ";"OH 1721 L-SB/62";SI;JN:NACIONAL;SI;UC:2026-10-28
AB422HF;716;"OFERTA LIBRE - EVENTO UNICO, INTERJURISDICCIONAL - EVENTO UNICO, SERVICIO COMÚN MEDIA DISTANCIA x AUTOPISTA";2017;45;2033;30546250551;"LA CENTRAL DE VICENTE LOPEZ S.A.C.";22/10/2026;134794;CENT;"MEDIA DISTANCIA AUTOPISTA DIFERENCIAL";ITALBUS;;31369/2017;;0069/17;CONTINENTAL;9542033;"129, 2033IE, 2033OE";8AB368187HA146819;"MERCEDES BENZ";"OH 1721 L-SB/62";NO;JN:NACIONAL;SI;"OLEU:2027-09-05, IE:2027-09-05, AC:2027-12-31"
AB422HH;713;"SERVICIO COMÚN MEDIA DISTANCIA x AUTOPISTA";2017;45;2033;30546250551;"LA CENTRAL DE VICENTE LOPEZ S.A.C.";14/10/2026;86495;CENT;"MEDIA DISTANCIA AUTOPISTA DIFERENCIAL";ITALBUS;;31369/2017;;0069/17;CONTINENTAL;9544174;129;8AB368187HA146813;"MERCEDES BENZ";"OH 1721 L-SB/62";NO;JN:NACIONAL;SI;AC:2027-12-31
AB422HI;714;"SERVICIO COMÚN MEDIA DISTANCIA x AUTOPISTA";2017;45;2033;30546250551;"LA CENTRAL DE VICENTE LOPEZ S.A.C.";25/09/2026;84106;CENT;"MEDIA DISTANCIA AUTOPISTA DIFERENCIAL";ITALBUS;;31369/2017;;0069/17;CONTINENTAL;9542480;129;8AB368187HA146818;"MERCEDES BENZ";"OH 1721 L-SB/62";NO;JN:NACIONAL;SI;AC:2027-12-31
AB422HJ;709;"SERVICIO COMÚN MEDIA DISTANCIA x AUTOPISTA";2017;45;2033;30546250551;"LA CENTRAL DE VICENTE LOPEZ S.A.C.";04/11/2026;135082;CENT;"MEDIA DISTANCIA AUTOPISTA DIFERENCIAL";ITALBUS;;31369/2017;;0069/17;CONTINENTAL;9160135;129;8AB368187HA146812;"MERCEDES BENZ";"OH 1721 L-SB/62";NO;JN:NACIONAL;SI;AC:2027-12-31
AB422HL;705;"SERVICIO COMÚN MEDIA DISTANCIA x AUTOPISTA";2017;45;2033;30546250551;"LA CENTRAL DE VICENTE LOPEZ S.A.C.";27/09/2026;86075;CENT;"MEDIA DISTANCIA AUTOPISTA DIFERENCIAL";ITALBUS;;39115/2017;;0070/17;CONTINENTAL;9551216;129;9BM382189HB036062;"MERCEDES BENZ";"O 500 U 1826/59";NO;JN:NACIONAL;SI;AC:2027-12-31
AB422HM;723;"SERVICIO COMÚN MEDIA DISTANCIA x AUTOPISTA";2017;45;2033;30546250551;"LA CENTRAL DE VICENTE LOPEZ S.A.C.";02/01/2027;140159;CENT;"MEDIA DISTANCIA AUTOPISTA DIFERENCIAL";ITALBUS;;39115/2017;;0070/17;CONTINENTAL;09008704;129;9BM382189HB036084;"MERCEDES BENZ";"O 500 U 1826/59";NO;JN:NACIONAL;SI;AC:2027-12-31
AB422HN;706;"SERVICIO COMÚN MEDIA DISTANCIA x AUTOPISTA";2017;45;2033;30546250551;"LA CENTRAL DE VICENTE LOPEZ S.A.C.";07/10/2026;86312;CENT;"MEDIA DISTANCIA AUTOPISTA DIFERENCIAL";ITALBUS;;39115/2017;;0070/17;CONTINENTAL;09529158;129;9BM382189GB032904;"MERCEDES BENZ";"O 500 U 1826/59";NO;JN:NACIONAL;SI;AC:2027-12-31
AB422HQ;710;"SERVICIO COMÚN MEDIA DISTANCIA x AUTOPISTA";2017;45;2033;30546250551;"LA CENTRAL DE VICENTE LOPEZ S.A.C.";30/11/2026;139310;CENT;"MEDIA DISTANCIA AUTOPISTA DIFERENCIAL";ITALBUS;;31369/2017;;0069/17;CONTINENTAL;9601878;129;8AB368187HA146827;"MERCEDES BENZ";"OH 1721 L-SB/62";NO;JN:NACIONAL;SI;AC:2027-12-31
AB422HR;711;"SERVICIO COMÚN MEDIA DISTANCIA x AUTOPISTA";2017;45;2033;30546250551;"LA CENTRAL DE VICENTE LOPEZ S.A.C.";30/10/2026;135020;CENT;"MEDIA DISTANCIA AUTOPISTA DIFERENCIAL";ITALBUS;;31369/2017;;0069/17;CONTINENTAL;9601882;129;8AB368187HA146830;"MERCEDES BENZ";"OH 1721 L-SB/62";NO;JN:NACIONAL;SI;AC:2027-12-31
AB422HS;712;"SERVICIO COMÚN MEDIA DISTANCIA x AUTOPISTA";2017;45;2033;30546250551;"LA CENTRAL DE VICENTE LOPEZ S.A.C.";28/09/2026;86096;CENT;"MEDIA DISTANCIA AUTOPISTA DIFERENCIAL";ITALBUS;;31369/2017;;0069/17;CONTINENTAL;9542808;129;8AB368187HA146863;"MERCEDES BENZ";"OH 1721 L-SB/62";NO;JN:NACIONAL;SI;AC:2027-12-31
AB422HT;701;"SERVICIO COMÚN MEDIA DISTANCIA x AUTOPISTA";2017;45;2033;30546250551;"LA CENTRAL DE VICENTE LOPEZ S.A.C.";04/11/2026;135103;CENT;"MEDIA DISTANCIA AUTOPISTA DIFERENCIAL";ITALBUS;;31369/2017;;0069/17;;;129;8AB368187HA146820;"MERCEDES BENZ";"OH 1721 L-SB/62";NO;JN:NACIONAL;SI;AC:2027-12-31
AB422HU;707;"SERVICIO COMÚN MEDIA DISTANCIA x AUTOPISTA";2017;45;2033;30546250551;"LA CENTRAL DE VICENTE LOPEZ S.A.C.";28/10/2026;134949;CENT;"MEDIA DISTANCIA AUTOPISTA DIFERENCIAL";ITALBUS;;31369/2017;;0069/17;CONTINENTAL;09540802;129;8AB368187HA146862;"MERCEDES BENZ";"OH 1721 L-SB/62";NO;JN:NACIONAL;SI;AC:2027-12-31
AB422HV;702;"SERVICIO COMÚN MEDIA DISTANCIA x AUTOPISTA";2017;45;2033;30546250551;"LA CENTRAL DE VICENTE LOPEZ S.A.C.";27/09/2026;86059;CENT;"MEDIA DISTANCIA AUTOPISTA DIFERENCIAL";ITALBUS;;31369/2017;;0069/17;CONTINENTAL;09545168;129;8AB368187HA146861;"MERCEDES BENZ";"OH 1721 L-SB/62";NO;JN:NACIONAL;SI;AC:2027-12-31
AB475RY;721;"SERVICIO COMÚN MEDIA DISTANCIA x AUTOPISTA";2017;45;2033;30546250551;"LA CENTRAL DE VICENTE LOPEZ S.A.C.";07/02/2027;141183;CENT;"MEDIA DISTANCIA AUTOPISTA DIFERENCIAL";ITALBUS;;31369/2017;;0069/17;CONTINENTAL;9601869;129;8AB368187HA146835;"MERCEDES BENZ";"OH 1721 L-SB/62";NO;JN:NACIONAL;SI;AC:2027-12-31
AB475RZ;719;"SERVICIO COMÚN MEDIA DISTANCIA x AUTOPISTA";2017;45;2033;30546250551;"LA CENTRAL DE VICENTE LOPEZ S.A.C.";08/10/2026;86341;CENT;"MEDIA DISTANCIA AUTOPISTA DIFERENCIAL";ITALBUS;;31369/2017;;0069/17;CONTINENTAL;9601866;129;8AB368187HA146840;"MERCEDES BENZ";"OH 1721 L-SB/62";NO;JN:NACIONAL;SI;AC:2027-12-31
AB517RA;703;"SERVICIO COMÚN MEDIA DISTANCIA x AUTOPISTA";2017;45;2033;30546250551;"LA CENTRAL DE VICENTE LOPEZ S.A.C.";30/09/2026;86122;CENT;"MEDIA DISTANCIA AUTOPISTA DIFERENCIAL";ITALBUS;;31369/2017;;0069/17;CONTINENTAL;9601868;129;8AB368187HA146875;"MERCEDES BENZ";"OH 1721 L-SB/62";NO;JN:NACIONAL;SI;AC:2027-12-31
AB517RB;715;"SERVICIO COMÚN MEDIA DISTANCIA x AUTOPISTA";2017;45;2033;30546250551;"LA CENTRAL DE VICENTE LOPEZ S.A.C.";22/10/2026;134788;CENT;"MEDIA DISTANCIA AUTOPISTA DIFERENCIAL";ITALBUS;;31369/2017;;0069/17;CONTINENTAL;9530330;129;8AB368187HA146869;"MERCEDES BENZ";"OH 1721 L-SB/62";NO;JN:NACIONAL;SI;AC:2027-12-31
AB517RC;704;"SERVICIO COMÚN MEDIA DISTANCIA x AUTOPISTA";2017;45;2033;30546250551;"LA CENTRAL DE VICENTE LOPEZ S.A.C.";19/11/2026;139004;CENT;"MEDIA DISTANCIA AUTOPISTA DIFERENCIAL";ITALBUS;;31369/2017;;0069/17;CONTINENTAL;9544159;129;8AB368187HA146828;"MERCEDES BENZ";"OH 1721 L-SB/62";NO;JN:NACIONAL;SI;AC:2027-12-31
AB517SJ;730;"SERVICIO COMÚN MEDIA DISTANCIA x AUTOPISTA";2017;45;2033;30546250551;"LA CENTRAL DE VICENTE LOPEZ S.A.C.";05/11/2026;135132;CENT;"MEDIA DISTANCIA AUTOPISTA DIFERENCIAL";ITALBUS;;31369/2017;;0069/17;;;129;8AB368187HA146876;"MERCEDES BENZ";"OH 1721 L-SB/62";NO;JN:NACIONAL;SI;AC:2027-12-31
AB586MW;3560;"SERVICIO COMÚN";2017;27;2033;30546250551;"LA CENTRAL DE VICENTE LOPEZ S.A.C.";30/01/2026;490392;CENT;"URBANO PISO BAJO MOV RED";METALPAR;;2667/2017;;0007/17;;;148;9BM382189HB037118;"MERCEDES BENZ";"O 500 U 1826/59";SI;JN:NACIONAL;SI;UC:2026-10-16
AB586MZ;3570;"SERVICIO COMÚN";2017;27;2033;30546250551;"LA CENTRAL DE VICENTE LOPEZ S.A.C.";29/01/2026;490352;CENT;"URBANO PISO BAJO MOV RED";METALPAR;;2667/2017;;0007/17;;;148;9BM382189HB053776;"MERCEDES BENZ";"O 500 U 1826/59";SI;JN:NACIONAL;SI;UC:2026-10-16
AB586NC;3580;"SERVICIO COMÚN";2017;27;2033;30546250551;"LA CENTRAL DE VICENTE LOPEZ S.A.C.";29/01/2026;490366;CENT;"URBANO PISO BAJO MOV RED";METALPAR;;2667/2017;;0007/17;;;148;9BM382189HB044046;"MERCEDES BENZ";"O 500 U 1826/59";SI;JN:NACIONAL;SI;UC:2026-10-16
AB586ND;3590;"SERVICIO COMÚN";2017;27;2033;30546250551;"LA CENTRAL DE VICENTE LOPEZ S.A.C.";12/12/2026;109847;CENT;"URBANO PISO BAJO MOV RED";METALPAR;;2667/2017;;0007/17;;;148;9BM382189HB057302;"MERCEDES BENZ";"O 500 U 1826/59";SI;JN:NACIONAL;SI;UC:2026-10-16
AB590FN;340;"SERVICIO COMÚN";2017;25;2033;30546250551;"LA CENTRAL DE VICENTE LOPEZ S.A.C.";07/11/2026;118225;CENT;"URBANO PISO BAJO MOVILIDAD REDUCIDA CON AIRE ACONDICIONADO";ITALBUS;;50239/2016;;0048/16;;;148;8AB368187HA146470;"MERCEDES BENZ";"OH 1721 L-SB/62";SI;JN:NACIONAL;SI;UC:2026-10-28
AB625OO;3600;"SERVICIO COMÚN";2017;33;2033;30546250551;"LA CENTRAL DE VICENTE LOPEZ S.A.C.";26/03/2026;661792;CENT;"URBANO PISO BAJO MOVILIDAD REDUCIDA CON AIRE ACONDICIONADO";METALPAR;;31370/2017;;057/17;;;148;8AB368187JA146907;"MERCEDES BENZ";"OH 1721 L-SB/62";SI;JN:NACIONAL;SI;UC:2026-10-16
AB629KH;384;"SERVICIO COMÚN";2017;25;2033;30546250551;"LA CENTRAL DE VICENTE LOPEZ S.A.C.";04/11/2026;117496;CENT;"URBANO PISO BAJO MOVILIDAD REDUCIDA CON AIRE ACONDICIONADO";ITALBUS;;50239/2016;;0048/16;;;148;8AB368187HA146761;"MERCEDES BENZ";"OH 1721 L-SB/62";SI;JN:NACIONAL;SI;UC:2026-10-30
AB629KI;324;"SERVICIO COMÚN";2017;25;2033;30546250551;"LA CENTRAL DE VICENTE LOPEZ S.A.C.";07/11/2026;118216;CENT;"URBANO PISO BAJO MOVILIDAD REDUCIDA CON AIRE ACONDICIONADO";ITALBUS;;50239/2016;;0048/16;;;148;8AB368187HA146473;"MERCEDES BENZ";"OH 1721 L-SB/62";SI;JN:NACIONAL;SI;UC:2026-10-28
AB629KL;326;"SERVICIO COMÚN";2017;25;2033;30546250551;"LA CENTRAL DE VICENTE LOPEZ S.A.C.";02/11/2026;117476;CENT;"URBANO PISO BAJO MOVILIDAD REDUCIDA CON AIRE ACONDICIONADO";ITALBUS;;50239/2016;;0048/16;;;148;8AB368187HA146762;"MERCEDES BENZ";"OH 1721 L-SB/62";SI;JN:NACIONAL;SI;UC:2026-10-28
AB674IK;3620;"SERVICIO COMÚN";2017;33;2033;30546250551;"LA CENTRAL DE VICENTE LOPEZ S.A.C.";25/03/2026;657093;CENT;"URBANO PISO BAJO MOVILIDAD REDUCIDA CON AIRE ACONDICIONADO";METALPAR;;31370/2017;;057/17;;;148;8AB368187JA146936;"MERCEDES BENZ";"OH 1721 L-SB/62";SI;JN:NACIONAL;SI;UC:2026-10-16
AB674IM;3630;"SERVICIO COMÚN";2017;33;2033;30546250551;"LA CENTRAL DE VICENTE LOPEZ S.A.C.";24/03/2026;657042;CENT;"URBANO PISO BAJO MOVILIDAD REDUCIDA CON AIRE ACONDICIONADO";METALPAR;;31370/2017;;057/17;;;148;8AB368187JA146938;"MERCEDES BENZ";"OH 1721 L-SB/62";SI;JN:NACIONAL;SI;UC:2026-10-16
AB674IO;3640;"SERVICIO COMÚN";2017;33;2033;30546250551;"LA CENTRAL DE VICENTE LOPEZ S.A.C.";06/04/2026;662016;CENT;"URBANO PISO BAJO MOVILIDAD REDUCIDA CON AIRE ACONDICIONADO";METALPAR;;31370/2017;;057/17;;;148;8AB368187JA146918;"MERCEDES BENZ";"OH 1721 L-SB/62";SI;JN:NACIONAL;SI;UC:2026-10-16
AB674IQ;3650;"SERVICIO COMÚN";2017;33;2033;30546250551;"LA CENTRAL DE VICENTE LOPEZ S.A.C.";03/03/2026;495227;CENT;"URBANO PISO BAJO MOVILIDAD REDUCIDA CON AIRE ACONDICIONADO";METALPAR;;31370/2017;;057/17;;;148;8AB368187JA146917;"MERCEDES BENZ";"OH 1721 L-SB/62";SI;JN:NACIONAL;SI;UC:2026-10-16
AB674IR;3660;"SERVICIO COMÚN";2017;33;2033;30546250551;"LA CENTRAL DE VICENTE LOPEZ S.A.C.";25/03/2026;657081;CENT;"URBANO PISO BAJO MOVILIDAD REDUCIDA CON AIRE ACONDICIONADO";METALPAR;;31370/2017;;057/17;;;148;8AB368187JA147005;"MERCEDES BENZ";"OH 1721 L-SB/62";SI;JN:NACIONAL;SI;UC:2026-10-16
AB674IS;3670;"SERVICIO COMÚN";2017;33;2033;30546250551;"LA CENTRAL DE VICENTE LOPEZ S.A.C.";25/03/2026;657090;CENT;"URBANO PISO BAJO MOVILIDAD REDUCIDA CON AIRE ACONDICIONADO";METALPAR;;31370/2017;;057/17;;;148;8AB368187JA146912;"MERCEDES BENZ";"OH 1721 L-SB/62";SI;JN:NACIONAL;SI;UC:2026-10-16
AB839ED;975;"SERVICIO COMÚN";2017;40;2033;30546250551;"LA CENTRAL DE VICENTE LOPEZ S.A.C.";07/11/2026;118194;CENT;"URBANO  PISO BAJO MOVILIDAD REDUCIDA  ARTICULADO";METALPAR;;319406/2008;;1703/08;;;148;9BM382155GB034439;"MERCEDES BENZ";"O 500 UA";SI;JN:NACIONAL;NO;UC:2026-10-28
AB990GS;3700;"SERVICIO COMÚN";2017;27;2033;30546250551;"LA CENTRAL DE VICENTE LOPEZ S.A.C.";10/07/2026;910955;CENT;"URBANO PISO BAJO MOV RED";METALPAR;;2667/2017;;0007/17;;;148;9BM382189HB042996;"MERCEDES BENZ";"O 500 U 1826/59";SI;JN:NACIONAL;SI;UC:2026-10-16
AB990GU;3710;"SERVICIO COMÚN";2017;27;2033;30546250551;"LA CENTRAL DE VICENTE LOPEZ S.A.C.";01/01/2026;294074;CENT;"URBANO PISO BAJO MOV RED";METALPAR;;2667/2017;;0007/17;;;148;9BM382189HB057142;"MERCEDES BENZ";"O 500 U 1826/59";SI;JN:NACIONAL;SI;UC:2026-10-16
AB990GX;3720;"SERVICIO COMÚN";2017;27;2033;30546250551;"LA CENTRAL DE VICENTE LOPEZ S.A.C.";30/06/2026;685077;CENT;"URBANO PISO BAJO MOV RED";METALPAR;;2667/2017;;0007/17;;;148;9BM382189HB053761;"MERCEDES BENZ";"O 500 U 1826/59";SI;JN:NACIONAL;SI;UC:2026-10-16
AB990GY;3730;"SERVICIO COMÚN";2017;27;2033;30546250551;"LA CENTRAL DE VICENTE LOPEZ S.A.C.";19/12/2025;293834;CENT;"URBANO PISO BAJO MOV RED";METALPAR;;2667/2017;;0007/17;;;148;9BM382189HB043820;"MERCEDES BENZ";"O 500 U 1826/59";SI;JN:NACIONAL;SI;UC:2026-10-16
AB990GZ;374;"SERVICIO COMÚN";2017;27;2033;30546250551;"LA CENTRAL DE VICENTE LOPEZ S.A.C.";27/02/2027;322608;CENT;"URBANO PISO BAJO MOV RED";METALPAR;;2667/2017;;0007/17;;;148;9BM382189HB044298;"MERCEDES BENZ";"O 500 U 1826/59";SI;JN:NACIONAL;SI;UC:2026-10-17
AC071YM;328;"SERVICIO COMÚN";2017;25;2033;30546250551;"LA CENTRAL DE VICENTE LOPEZ S.A.C.";06/11/2026;118189;CENT;"URBANO PISO BAJO MOVILIDAD REDUCIDA CON AIRE ACONDICIONADO";ITALBUS;;50239/2016;;0048/16;;;148;8AB368281JA147080;"MERCEDES BENZ";"OH 1721 L-SB/62";SI;JN:NACIONAL;SI;UC:2026-10-28
AC071YN;339;"SERVICIO COMÚN";2017;25;2033;30546250551;"LA CENTRAL DE VICENTE LOPEZ S.A.C.";02/11/2026;117483;CENT;"URBANO PISO BAJO MOVILIDAD REDUCIDA CON AIRE ACONDICIONADO";ITALBUS;;50239/2016;;0048/16;;;148;8AB368281JA146994;"MERCEDES BENZ";"OH 1721 L-SB/62";SI;JN:NACIONAL;SI;UC:2026-10-28
AC513XZ;819;"SERVICIO COMÚN";2018;25;2033;30546250551;"LA CENTRAL DE VICENTE LOPEZ S.A.C.";11/10/2026;113829;CENT;"URBANO PISO BAJO MOVILIDAD REDUCIDA CON AIRE ACONDICIONADO";ITALBUS;;1366/2016;;0028/16;;;197;8AB368185JA146970;"MERCEDES BENZ";"OH 1621 L-SB/55";SI;JN:NACIONAL;SI;UC:2026-02-25
AC564UE;837;"SERVICIO COMÚN";2018;25;2033;30546250551;"LA CENTRAL DE VICENTE LOPEZ S.A.C.";30/10/2026;117459;CENT;"URBANO PISO BAJO MOVILIDAD REDUCIDA CON AIRE ACONDICIONADO";ITALBUS;;1366/2016;;0028/16;;;197;8AB368185JA146950;"MERCEDES BENZ";"OH 1621 L-SB/55";SI;JN:NACIONAL;SI;UC:2026-02-28
AC564UF;885;"SERVICIO COMÚN";2017;25;2033;30546250551;"LA CENTRAL DE VICENTE LOPEZ S.A.C.";16/01/2027;140526;CENT;"URBANO PISO BAJO MOVILIDAD REDUCIDA CON AIRE ACONDICIONADO";ITALBUS;;1366/2016;;0028/16;;;197;8AB368185HA146690;"MERCEDES BENZ";"OH 1621 L-SB/55";SI;JN:NACIONAL;SI;UC:2026-02-28
AC564UH;879;"SERVICIO COMÚN";2018;25;2033;30546250551;"LA CENTRAL DE VICENTE LOPEZ S.A.C.";11/01/2027;259387;CENT;"URBANO PISO BAJO MOVILIDAD REDUCIDA CON AIRE ACONDICIONADO";ITALBUS;;1366/2016;;0028/16;;;197;8AB368185JA146983;"MERCEDES BENZ";"OH 1621 L-SB/55";SI;JN:NACIONAL;SI;UC:2026-02-28
AC564UZ;808;"SERVICIO COMÚN";2018;25;2033;30546250551;"LA CENTRAL DE VICENTE LOPEZ S.A.C.";25/09/2026;67400;CENT;"URBANO PISO BAJO MOVILIDAD REDUCIDA CON AIRE ACONDICIONADO";ITALBUS;;50239/2016;;0048/16;;;197;8AB368187JA147091;"MERCEDES BENZ";"OH 1721 L-SB/62";SI;JN:NACIONAL;SI;UC:2026-02-28
AC623QC;737;"SERVICIO COMÚN MEDIA DISTANCIA x AUTOPISTA";2016;45;2033;30546250551;"LA CENTRAL DE VICENTE LOPEZ S.A.C.";15/10/2026;134315;CENT;"MEDIA DISTANCIA AUTOPISTA DIFERENCIAL";ITALBUS;;39115/2017;;0070/17;CONTINENTAL;09507115;129;9BM382189GB030478;"MERCEDES BENZ";"O 500 U 1826/59";NO;JN:NACIONAL;SI;AC:2018-10-06
AC623QF;888;"SERVICIO COMÚN";2018;25;2033;30546250551;"LA CENTRAL DE VICENTE LOPEZ S.A.C.";04/01/2027;256451;CENT;"URBANO PISO BAJO MOVILIDAD REDUCIDA CON AIRE ACONDICIONADO";ITALBUS;;50239/2016;;0048/16;;;143;8AB368187JA147090;"MERCEDES BENZ";"OH 1721 L-SB/62";SI;JN:NACIONAL;SI;UC:2024-01-14
AC623QQ;741;"SERVICIO COMÚN MEDIA DISTANCIA x AUTOPISTA";2018;45;2033;30546250551;"LA CENTRAL DE VICENTE LOPEZ S.A.C.";14/09/2026;83860;CENT;"MEDIA DISTANCIA AUTOPISTA DIFERENCIAL";ITALBUS;;39115/2017;;0070/17;VDO;09718584;129;9BM382189JB073238;"MERCEDES BENZ";"O 500 U 1826/59";NO;JN:NACIONAL;SI;AC:2018-11-07
AC623QR;744;"SERVICIO COMÚN MEDIA DISTANCIA x AUTOPISTA";2018;45;2033;30546250551;"LA CENTRAL DE VICENTE LOPEZ S.A.C.";04/10/2026;86228;CENT;"MEDIA DISTANCIA AUTOPISTA DIFERENCIAL";ITALBUS;;39115/2017;;0070/17;VDO;09708555;129;9BM382189JB070076;"MERCEDES BENZ";"O 500 U 1826/59";NO;JN:NACIONAL;SI;AC:2018-11-08
AC623QV;763;"SERVICIO COMÚN MEDIA DISTANCIA x AUTOPISTA";2018;45;2033;30546250551;"LA CENTRAL DE VICENTE LOPEZ S.A.C.";17/10/2026;134685;CENT;"MEDIA DISTANCIA AUTOPISTA DIFERENCIAL";ITALBUS;;39115/2017;;0070/17;;;129;9BM382189JB070091;"MERCEDES BENZ";"O 500 U 1826/59";NO;JN:NACIONAL;SI;AC:2024-08-28
AC623QW;736;"SERVICIO COMÚN MEDIA DISTANCIA x AUTOPISTA";2018;45;2033;30546250551;"LA CENTRAL DE VICENTE LOPEZ S.A.C.";23/12/2026;139889;CENT;"MEDIA DISTANCIA AUTOPISTA DIFERENCIAL";ITALBUS;;39115/2017;;0070/17;VDO;09720587;129;9BM382189JB073287;"MERCEDES BENZ";"O 500 U 1826/59";NO;JN:NACIONAL;SI;AC:2024-08-28
AC685PY;751;"SERVICIO COMÚN MEDIA DISTANCIA x AUTOPISTA";2018;45;2033;30546250551;"LA CENTRAL DE VICENTE LOPEZ S.A.C.";16/09/2026;83882;CENT;"MEDIA DISTANCIA AUTOPISTA DIFERENCIAL";ITALBUS;;39115/2017;;0070/17;VDO;09706546;129;9BM382189JB069092;"MERCEDES BENZ";"O 500 U 1826/59";NO;JN:NACIONAL;SI;AC:2018-11-17
AC685PZ;745;"SERVICIO COMÚN MEDIA DISTANCIA x AUTOPISTA";2018;45;2033;30546250551;"LA CENTRAL DE VICENTE LOPEZ S.A.C.";30/09/2026;86116;CENT;"MEDIA DISTANCIA AUTOPISTA DIFERENCIAL";ITALBUS;;39115/2017;;0070/17;VDO;09710491;129;9BM382189JB070055;"MERCEDES BENZ";"O 500 U 1826/59";NO;JN:NACIONAL;SI;AC:2018-11-11
AC705PA;753;"SERVICIO COMÚN MEDIA DISTANCIA x AUTOPISTA";2018;45;2033;30546250551;"LA CENTRAL DE VICENTE LOPEZ S.A.C.";12/09/2026;83780;CENT;"MEDIA DISTANCIA AUTOPISTA DIFERENCIAL";ITALBUS;;39115/2017;;0070/17;VDO;09704756;129;9BM382189JB068524;"MERCEDES BENZ";"O 500 U 1826/59";NO;JN:NACIONAL;SI;AC:2024-08-28
AC705PB;742;"SERVICIO COMÚN MEDIA DISTANCIA x AUTOPISTA";2018;45;2033;30546250551;"LA CENTRAL DE VICENTE LOPEZ S.A.C.";12/09/2026;83772;CENT;"MEDIA DISTANCIA AUTOPISTA DIFERENCIAL";ITALBUS;;39115/2017;;0070/17;VDO;09706545;129;9BM382189JB070073;"MERCEDES BENZ";"O 500 U 1826/59";NO;JN:NACIONAL;SI;AC:2024-08-28
AC705PC;759;"SERVICIO COMÚN MEDIA DISTANCIA x AUTOPISTA";2018;45;2033;30546250551;"LA CENTRAL DE VICENTE LOPEZ S.A.C.";25/09/2026;84120;CENT;"MEDIA DISTANCIA AUTOPISTA DIFERENCIAL";ITALBUS;;39115/2017;;0070/17;VDO;09708568;129;9BM382189JB069737;"MERCEDES BENZ";"O 500 U 1826/59";NO;JN:NACIONAL;SI;AC:2024-08-28
AC705PE;750;"SERVICIO COMÚN MEDIA DISTANCIA x AUTOPISTA";2018;45;2033;30546250551;"LA CENTRAL DE VICENTE LOPEZ S.A.C.";14/09/2026;83866;CENT;"MEDIA DISTANCIA AUTOPISTA DIFERENCIAL";ITALBUS;;39115/2017;;0070/17;VDO;09706553;129;9BM382189JB069073;"MERCEDES BENZ";"O 500 U 1826/59";NO;JN:NACIONAL;SI;AC:2024-08-28
AC751DI;111;"SERVICIO COMÚN";2018;27;2033;30546250551;"LA CENTRAL DE VICENTE LOPEZ S.A.C.";01/02/2027;260335;CENT;"URBANO PISO BAJO MOV RED";METALPAR;;2667/2017;;0007/17;;;143;9BM382189JB065655;"MERCEDES BENZ";"O 500 U 1826/59";SI;JN:NACIONAL;SI;UC:2024-01-13
AC751DJ;107;"SERVICIO COMÚN";2018;27;2033;30546250551;"LA CENTRAL DE VICENTE LOPEZ S.A.C.";08/02/2027;262089;CENT;"URBANO PISO BAJO MOV RED";METALPAR;;2667/2017;;0007/17;;;143;9BM382189JB064101;"MERCEDES BENZ";"O 500 U 1826/59";SI;JN:NACIONAL;SI;UC:2028-12-31
AC751DK;1220;"SERVICIO COMÚN";2018;27;2033;30546250551;"LA CENTRAL DE VICENTE LOPEZ S.A.C.";30/11/2026;122956;CENT;"URBANO PISO BAJO MOV RED";METALPAR;;2667/2017;;0007/17;;;114;9BM382189JB065910;"MERCEDES BENZ";"O 500 U 1826/59";SI;JN:NACIONAL;SI;UC:2024-01-19
AC751DL;1204;"SERVICIO COMÚN";2018;27;2033;30546250551;"LA CENTRAL DE VICENTE LOPEZ S.A.C.";25/01/2027;260146;CENT;"URBANO PISO BAJO MOV RED";METALPAR;;2667/2017;;0007/17;;;114;9BM382189JB065803;"MERCEDES BENZ";"O 500 U 1826/59";SI;JN:NACIONAL;SI;UC:2021-03-29
AC751DM;104;"SERVICIO COMÚN";2018;27;2033;30546250551;"LA CENTRAL DE VICENTE LOPEZ S.A.C.";18/01/2027;259542;CENT;"URBANO PISO BAJO MOV RED";METALPAR;;2667/2017;;0007/17;;;143;9BM382189JB064112;"MERCEDES BENZ";"O 500 U 1826/59";SI;JN:NACIONAL;SI;UC:2024-01-14
AC751DP;1246;"SERVICIO COMÚN";2018;27;2033;30546250551;"LA CENTRAL DE VICENTE LOPEZ S.A.C.";28/09/2026;86095;CENT;"URBANO PISO BAJO MOV RED";METALPAR;;2667/2017;;0007/17;;;114;9BM382189JB065646;"MERCEDES BENZ";"O 500 U 1826/59";SI;JN:NACIONAL;SI;UC:2024-01-19
AC751DR;1200;"SERVICIO COMÚN";2018;27;2033;30546250551;"LA CENTRAL DE VICENTE LOPEZ S.A.C.";25/01/2027;260154;CENT;"URBANO PISO BAJO MOV RED";METALPAR;;2667/2017;;0007/17;;;114;9BM382189JB064866;"MERCEDES BENZ";"O 500 U 1826/59";SI;JN:NACIONAL;SI;UC:2021-03-29
AC751DT;1219;"SERVICIO COMÚN";2018;27;2033;30546250551;"LA CENTRAL DE VICENTE LOPEZ S.A.C.";18/01/2027;259532;CENT;"URBANO PISO BAJO MOV RED";METALPAR;;2667/2017;;0007/17;;;114;9BM382189JB065661;"MERCEDES BENZ";"O 500 U 1826/59";SI;JN:NACIONAL;SI;UC:2019-04-10
AC751EB;1254;"SERVICIO COMÚN";2018;27;2033;30546250551;"LA CENTRAL DE VICENTE LOPEZ S.A.C.";15/02/2027;419396;CENT;"URBANO PISO BAJO MOV RED";METALPAR;;2667/2017;;0007/17;;;114;9BM382189JB065049;"MERCEDES BENZ";"O 500 U 1826/59";SI;JN:NACIONAL;SI;UC:2019-04-10
AC751EC;108;"SERVICIO COMÚN";2018;27;2033;30546250551;"LA CENTRAL DE VICENTE LOPEZ S.A.C.";01/02/2027;260324;CENT;"URBANO PISO BAJO MOV RED";METALPAR;;2667/2017;;0007/17;;;143;9BM382189JB066126;"MERCEDES BENZ";"O 500 U 1826/59";SI;JN:NACIONAL;SI;UC:2028-12-31
AC751ED;913;"SERVICIO COMÚN";2018;27;2033;30546250551;"LA CENTRAL DE VICENTE LOPEZ S.A.C.";20/02/2027;419472;CENT;"URBANO PISO BAJO MOV RED";METALPAR;;2667/2017;;0007/17;;;197;9BM382189JB065107;"MERCEDES BENZ";"O 500 U 1826/59";SI;JN:NACIONAL;SI;UC:2026-02-28
AC751EF;1234;"SERVICIO COMÚN";2018;27;2033;30546250551;"LA CENTRAL DE VICENTE LOPEZ S.A.C.";25/09/2026;67420;CENT;"URBANO PISO BAJO MOV RED";METALPAR;;2667/2017;;0007/17;;;114;9BM382189JB064280;"MERCEDES BENZ";"O 500 U 1826/59";SI;JN:NACIONAL;SI;UC:2019-04-10
AC751EJ;1233;"SERVICIO COMÚN";2018;27;2033;30546250551;"LA CENTRAL DE VICENTE LOPEZ S.A.C.";15/02/2027;419384;CENT;"URBANO PISO BAJO MOV RED";METALPAR;;2667/2017;;0007/17;;;114;9BM382189JB064137;"MERCEDES BENZ";"O 500 U 1826/59";SI;JN:NACIONAL;SI;UC:2019-04-10
AC757DX;768;"SERVICIO COMÚN MEDIA DISTANCIA x AUTOPISTA";2018;45;2033;30546250551;"LA CENTRAL DE VICENTE LOPEZ S.A.C.";26/11/2026;139156;CENT;"MEDIA DISTANCIA AUTOPISTA DIFERENCIAL";ITALBUS;;39115/2017;;0070/17;;;129;9BM382189JB068470;"MERCEDES BENZ";"O 500 U 1826/59";NO;JN:NACIONAL;SI;AC:2028-12-31
AC757DY;729;"SERVICIO COMÚN MEDIA DISTANCIA x AUTOPISTA";2018;45;2033;30546250551;"LA CENTRAL DE VICENTE LOPEZ S.A.C.";16/10/2026;134349;CENT;"MEDIA DISTANCIA AUTOPISTA DIFERENCIAL";ITALBUS;;39115/2017;;0070/17;;;129;9BM382189JB068122;"MERCEDES BENZ";"O 500 U 1826/59";NO;JN:NACIONAL;SI;AC:2024-08-28
AC769BL;1258;"SERVICIO COMÚN";2018;27;2033;30546250551;"LA CENTRAL DE VICENTE LOPEZ S.A.C.";16/09/2026;66404;CENT;"URBANO PISO BAJO MOV RED";METALPAR;;2667/2017;;0007/17;;;114;9BM382189JB065670;"MERCEDES BENZ";"O 500 U 1826/59";SI;JN:NACIONAL;SI;UC:2019-04-10
AC813NA;769;"SERVICIO COMÚN MEDIA DISTANCIA x AUTOPISTA";2018;45;2033;30546250551;"LA CENTRAL DE VICENTE LOPEZ S.A.C.";01/12/2026;139342;CENT;"MEDIA DISTANCIA AUTOPISTA DIFERENCIAL";ITALBUS;;39115/2017;;0070/17;;;129;9BM382189JB079153;"MERCEDES BENZ";"O 500 U 1826/59";NO;JN:NACIONAL;SI;AC:2024-08-28
AC813NE;761;"SERVICIO COMÚN MEDIA DISTANCIA x AUTOPISTA";2018;45;2033;30546250551;"LA CENTRAL DE VICENTE LOPEZ S.A.C.";01/10/2026;86204;CENT;"MEDIA DISTANCIA AUTOPISTA DIFERENCIAL";ITALBUS;;39115/2017;;0070/17;VDO;09746284;129;9BM382189JB080209;"MERCEDES BENZ";"O 500 U 1826/59";NO;JN:NACIONAL;SI;AC:2024-08-28
AC813NF;731;"SERVICIO COMÚN MEDIA DISTANCIA x AUTOPISTA";2018;45;2033;30546250551;"LA CENTRAL DE VICENTE LOPEZ S.A.C.";05/12/2026;139449;CENT;"MEDIA DISTANCIA AUTOPISTA DIFERENCIAL";ITALBUS;;39115/2017;;0070/17;;;129;9BM382189JB067237;"MERCEDES BENZ";"O 500 U 1826/59";NO;JN:NACIONAL;SI;AC:2018-12-07
AC842SE;740;"SERVICIO COMÚN MEDIA DISTANCIA x AUTOPISTA";2018;52;2033;30546250551;"LA CENTRAL DE VICENTE LOPEZ S.A.C.";30/09/2026;86119;CENT;"INTERURBANO COMÚN CON AIRE ACONDICIONADO";MURABITO;;2018-18286912;;039/18;VDO;09752715;129;9BM382189JB082729;"MERCEDES BENZ";"O 500 U 1826/59";NO;JN:NACIONAL;SI;AC:2028-12-31
AC842SG;771;"SERVICIO COMÚN MEDIA DISTANCIA x AUTOPISTA";2018;52;2033;30546250551;"LA CENTRAL DE VICENTE LOPEZ S.A.C.";03/12/2026;139391;CENT;"INTERURBANO COMÚN CON AIRE ACONDICIONADO";MURABITO;;2018-18286912;;039/18;CONTINENTAL;09745919;129;9BM382189JB082512;"MERCEDES BENZ";"O 500 U 1826/59";NO;JN:NACIONAL;SI;AC:2028-12-31
AC842SH;722;"SERVICIO COMÚN MEDIA DISTANCIA x AUTOPISTA";2018;52;2033;30546250551;"LA CENTRAL DE VICENTE LOPEZ S.A.C.";08/10/2026;86336;CENT;"INTERURBANO COMÚN CON AIRE ACONDICIONADO";MURABITO;;2018-18286912;;039/18;CONTINENTAL;09720589;129;9BM382189JB074369;"MERCEDES BENZ";"O 500 U 1826/59";NO;JN:NACIONAL;SI;AC:2028-12-31
AC842SI;770;"SERVICIO COMÚN MEDIA DISTANCIA x AUTOPISTA";2018;52;2033;30546250551;"LA CENTRAL DE VICENTE LOPEZ S.A.C.";27/10/2026;134933;CENT;"INTERURBANO COMÚN CON AIRE ACONDICIONADO";MURABITO;;2018-18286912;;039/18;VDO;09754459;129;9BM382189JB082772;"MERCEDES BENZ";"O 500 U 1826/59";NO;JN:NACIONAL;SI;AC:2028-12-31
AC842SJ;735;"SERVICIO COMÚN MEDIA DISTANCIA x AUTOPISTA";2018;52;2033;30546250551;"LA CENTRAL DE VICENTE LOPEZ S.A.C.";27/10/2026;134905;CENT;"INTERURBANO COMÚN CON AIRE ACONDICIONADO";MURABITO;;2018-18286912;;039/18;VDO;09758447;129;9BM382189JB082521;"MERCEDES BENZ";"O 500 U 1826/59";NO;JN:NACIONAL;SI;AC:2028-12-31
AC984NU;762;"SERVICIO COMÚN MEDIA DISTANCIA x AUTOPISTA";2018;52;2033;30546250551;"LA CENTRAL DE VICENTE LOPEZ S.A.C.";24/10/2026;134857;CENT;"INTERURBANO COMÚN CON AIRE ACONDICIONADO";MURABITO;;2018-18286912;;039/18;VDO;09720594;129;9BM382189JB073520;"MERCEDES BENZ";"O 500 U 1826/59";NO;JN:NACIONAL;SI;AC:2022-08-07
AC984NV;764;"SERVICIO COMÚN MEDIA DISTANCIA x AUTOPISTA";2018;52;2033;30546250551;"LA CENTRAL DE VICENTE LOPEZ S.A.C.";10/02/2027;141261;CENT;"INTERURBANO COMÚN CON AIRE ACONDICIONADO";MURABITO;;2018-18286912;;039/18;VDO;09718569;129;9BM382189JB073228;"MERCEDES BENZ";"O 500 U 1826/59";NO;JN:NACIONAL;SI;AC:2026-02-14
AC984NW;772;"SERVICIO COMÚN MEDIA DISTANCIA x AUTOPISTA";2018;52;2033;30546250551;"LA CENTRAL DE VICENTE LOPEZ S.A.C.";10/12/2026;139596;CENT;"INTERURBANO COMÚN CON AIRE ACONDICIONADO";MURABITO;;2018-18286912;;039/18;VDO;09752740;129;9BM382189JB082379;"MERCEDES BENZ";"O 500 U 1826/59";NO;JN:NACIONAL;SI;AC:2024-08-28
AC984NZ;773;"SERVICIO COMÚN MEDIA DISTANCIA x AUTOPISTA";2018;52;2033;30546250551;"LA CENTRAL DE VICENTE LOPEZ S.A.C.";30/11/2026;139316;CENT;"INTERURBANO COMÚN CON AIRE ACONDICIONADO";MURABITO;;2018-18286912;;039/18;;;129;9BM382189JB082367;"MERCEDES BENZ";"O 500 U 1826/59";NO;JN:NACIONAL;SI;AC:2024-08-28
AD050IB;758;"SERVICIO COMÚN MEDIA DISTANCIA x AUTOPISTA";2018;52;2033;30546250551;"LA CENTRAL DE VICENTE LOPEZ S.A.C.";24/12/2026;139932;CENT;"INTERURBANO COMÚN CON AIRE ACONDICIONADO";MURABITO;;2018-18286912;;039/18;;;129;9BM382189JB082503;"MERCEDES BENZ";"O 500 U 1826/59";NO;JN:NACIONAL;SI;AC:2019-02-07
AD274OM;950;"SERVICIO COMÚN";2018;49;2033;30546250551;"LA CENTRAL DE VICENTE LOPEZ S.A.C.";28/09/2026;67484;CENT;"MEDIA DISTANCIA AUTOPISTA DIFERENCIAL";METALPAR;;2018-65969414;;102/18;VDO;08576354;148;9BM382155DB856896;"MERCEDES BENZ";"O 500 UA 2836";SI;JN:NACIONAL;SI;UC:2026-10-17
AD367PP;47;"SERVICIO COMÚN";2018;27;2033;30546250551;"LA CENTRAL DE VICENTE LOPEZ S.A.C.";28/09/2026;67487;CENT;"URBANO PISO BAJO MOV RED";METALPAR;;2667/2017;;0007/17;;;143;9BM382189JB082749;"MERCEDES BENZ";"O 500 U 1826/59";SI;JN:NACIONAL;SI;UC:2024-01-18
AD367PR;51;"SERVICIO COMÚN";2018;27;2033;30546250551;"LA CENTRAL DE VICENTE LOPEZ S.A.C.";25/10/2026;117316;CENT;"URBANO PISO BAJO MOV RED";METALPAR;;2667/2017;;0007/17;;;143;9BM382189JB074053;"MERCEDES BENZ";"O 500 U 1826/59";SI;JN:NACIONAL;SI;UC:2028-12-31
AD367PS;45;"SERVICIO COMÚN";2018;27;2033;30546250551;"LA CENTRAL DE VICENTE LOPEZ S.A.C.";11/11/2026;118291;CENT;"URBANO PISO BAJO MOV RED";METALPAR;;2667/2017;;0007/17;;;114;9BM382189JB082761;"MERCEDES BENZ";"O 500 U 1826/59";SI;JN:NACIONAL;SI;UC:2028-12-31
AD448JV;959;"SERVICIO COMÚN MEDIA DISTANCIA x AUTOPISTA";2019;47;2033;30546250551;"LA CENTRAL DE VICENTE LOPEZ S.A.C.";11/01/2027;259383;CENT;"MEDIA DISTANCIA AUTOPISTA DIFERENCIAL";ITALBUS;;2018-64812665;;099/18;CONTINENTAL;9544175;129;9BM382155GB034888;"MERCEDES BENZ";"O 500 UA 2836";SI;JN:NACIONAL;SI;AC:2023-08-27
AD448JX;956;"SERVICIO COMÚN MEDIA DISTANCIA x AUTOPISTA";2019;47;2033;30546250551;"LA CENTRAL DE VICENTE LOPEZ S.A.C.";13/02/2027;419335;CENT;"MEDIA DISTANCIA AUTOPISTA DIFERENCIAL";ITALBUS;;2018-64812665;;099/18;CONTINENTAL;9617046;129;9BM382155HB047222;"MERCEDES BENZ";"O 500 UA 2836";SI;JN:NACIONAL;SI;AC:2023-08-27
AD448KD;958;"SERVICIO COMÚN MEDIA DISTANCIA x AUTOPISTA";2019;47;2033;30546250551;"LA CENTRAL DE VICENTE LOPEZ S.A.C.";04/01/2027;256437;CENT;"MEDIA DISTANCIA AUTOPISTA DIFERENCIAL";ITALBUS;;2018-64812665;;099/18;CONTINENTAL;09642921;129;9BM382155HB037730;"MERCEDES BENZ";"O 500 UA 2836";SI;JN:NACIONAL;SI;AC:2023-08-27
AD862QZ;151;"SERVICIO COMÚN";2019;28;2033;30546250551;"LA CENTRAL DE VICENTE LOPEZ S.A.C.";01/02/2027;260330;CENT;"URBANO PISO BAJO MOVILIDAD REDUCIDA CON AIRE ACONDICIONADO";ITALBUS;;2019-100775055;;069/19;;;143;9BM382189LB134124;"MERCEDES BENZ";"O 500 U 1826/59";SI;JN:NACIONAL;SI;UC:2024-03-13
AD862RC;152;"SERVICIO COMÚN";2019;28;2033;30546250551;"LA CENTRAL DE VICENTE LOPEZ S.A.C.";04/01/2027;256438;CENT;"URBANO PISO BAJO MOVILIDAD REDUCIDA CON AIRE ACONDICIONADO";ITALBUS;;2019-100775055;;069/19;;;143;9BM382189LB134155;"MERCEDES BENZ";"O 500 U 1826/59";SI;JN:NACIONAL;SI;UC:2024-03-14
AD862RF;153;"SERVICIO COMÚN";2019;28;2033;30546250551;"LA CENTRAL DE VICENTE LOPEZ S.A.C.";08/02/2027;262104;CENT;"URBANO PISO BAJO MOVILIDAD REDUCIDA CON AIRE ACONDICIONADO";ITALBUS;;2019-100775055;;069/19;;;143;9BM382189KB097215;"MERCEDES BENZ";"O 500 U 1826/59";SI;JN:NACIONAL;SI;UC:2024-03-15
AD862RG;154;"SERVICIO COMÚN";2019;28;2033;30546250551;"LA CENTRAL DE VICENTE LOPEZ S.A.C.";07/09/2026;66187;CENT;"URBANO PISO BAJO MOVILIDAD REDUCIDA CON AIRE ACONDICIONADO";ITALBUS;;2019-100775055;;069/19;;;143;9BM382189LB134068;"MERCEDES BENZ";"O 500 U 1826/59";SI;JN:NACIONAL;SI;UC:2024-03-15
AD862RH;155;"SERVICIO COMÚN";2019;28;2033;30546250551;"LA CENTRAL DE VICENTE LOPEZ S.A.C.";01/02/2027;260338;CENT;"URBANO PISO BAJO MOVILIDAD REDUCIDA CON AIRE ACONDICIONADO";ITALBUS;;2019-100775055;;069/19;;;143;9BM382189LB134093;"MERCEDES BENZ";"O 500 U 1826/59";SI;JN:NACIONAL;SI;UC:2024-03-12
AE018VE;174;"SERVICIO COMÚN";2019;25;2033;30546250551;"LA CENTRAL DE VICENTE LOPEZ S.A.C.";01/02/2027;260334;CENT;"URBANO PISO BAJO MOVILIDAD REDUCIDA CON AIRE ACONDICIONADO";ITALBUS;;50239/2016;;0048/16;;;143;8AB368185LA149745;"MERCEDES BENZ";"OH 1621 L-SB/55";SI;JN:NACIONAL;SI;UC:2025-06-20
AE018VI;175;"SERVICIO COMÚN";2019;25;2033;30546250551;"LA CENTRAL DE VICENTE LOPEZ S.A.C.";01/02/2027;260327;CENT;"URBANO PISO BAJO MOVILIDAD REDUCIDA CON AIRE ACONDICIONADO";ITALBUS;;50239/2016;;0048/16;;;143;8AB368185LA149766;"MERCEDES BENZ";"OH 1621 L-SB/55";SI;JN:NACIONAL;SI;UC:2025-06-20
AE945MM;170;"SERVICIO COMÚN";2021;29;2033;30546250551;"LA CENTRAL DE VICENTE LOPEZ S.A.C.";13/12/2026;254159;CENT;"URBANO PISO BAJO MOVILIDAD REDUCIDA CON AIRE ACONDICIONADO";ITALBUS;;2020-74551303;;040/20;;;143;9BM382189MB203986;"MERCEDES BENZ";"O 500 U 1826/59";SI;JN:NACIONAL;SI;UC:2024-01-14
AE945MN;188;"SERVICIO COMÚN";2021;29;2033;30546250551;"LA CENTRAL DE VICENTE LOPEZ S.A.C.";14/09/2026;66381;CENT;"URBANO PISO BAJO MOVILIDAD REDUCIDA CON AIRE ACONDICIONADO";ITALBUS;;2020-74551303;;040/20;;;114;9BM382189MB203984;"MERCEDES BENZ";"O 500 U 1826/59";SI;JN:NACIONAL;SI;UC:2024-01-04
AE945MO;171;"SERVICIO COMÚN";2021;29;2033;30546250551;"LA CENTRAL DE VICENTE LOPEZ S.A.C.";13/12/2026;254153;CENT;"URBANO PISO BAJO MOVILIDAD REDUCIDA CON AIRE ACONDICIONADO";ITALBUS;;2020-74551303;;040/20;;;114;9BM382189MB203985;"MERCEDES BENZ";"O 500 U 1826/59";SI;JN:NACIONAL;SI;UC:2024-01-14
AE945MP;189;"SERVICIO COMÚN";2021;29;2033;30546250551;"LA CENTRAL DE VICENTE LOPEZ S.A.C.";21/09/2026;67348;CENT;"URBANO PISO BAJO MOVILIDAD REDUCIDA CON AIRE ACONDICIONADO";ITALBUS;;2020-74551303;;040/20;;;143;9BM382189MB203955;"MERCEDES BENZ";"O 500 U 1826/59";SI;JN:NACIONAL;SI;UC:2024-01-18
AE970LJ;187;"SERVICIO COMÚN";2021;29;2033;30546250551;"LA CENTRAL DE VICENTE LOPEZ S.A.C.";14/09/2026;66366;CENT;"URBANO PISO BAJO MOVILIDAD REDUCIDA CON AIRE ACONDICIONADO";ITALBUS;;2020-74551303;;040/20;;;114;9BM382189MB203976;"MERCEDES BENZ";"O 500 U 1826/59";SI;JN:NACIONAL;SI;UC:2031-12-31
AE970LK;177;"SERVICIO COMÚN";2021;29;2033;30546250551;"LA CENTRAL DE VICENTE LOPEZ S.A.C.";14/09/2026;66388;CENT;"URBANO PISO BAJO MOVILIDAD REDUCIDA CON AIRE ACONDICIONADO";ITALBUS;;2020-74551303;;040/20;;;114;9BM382189MB203973;"MERCEDES BENZ";"O 500 U 1826/59";SI;JN:NACIONAL;SI;UC:2031-12-31
AF150ID;164;"SERVICIO COMÚN";2022;29;2033;30546250551;"LA CENTRAL DE VICENTE LOPEZ S.A.C.";13/12/2026;254140;CENT;"URBANO PISO BAJO MOVILIDAD REDUCIDA CON AIRE ACONDICIONADO";ITALBUS;;2020-74551303;;040/20;;;114;9BM382189MB181724;"MERCEDES BENZ";"O 500 U 1826/59";SI;JN:NACIONAL;SI;UC:2025-07-07
AF150IE;163;"SERVICIO COMÚN";2022;29;2033;30546250551;"LA CENTRAL DE VICENTE LOPEZ S.A.C.";04/10/2026;113636;CENT;"URBANO PISO BAJO MOVILIDAD REDUCIDA CON AIRE ACONDICIONADO";ITALBUS;;2020-74551303;;040/20;;;143;9BM382189MB181647;"MERCEDES BENZ";"O 500 U 1826/59";SI;JN:NACIONAL;SI;UC:2027-01-28
AF150IF;165;"SERVICIO COMÚN";2022;29;2033;30546250551;"LA CENTRAL DE VICENTE LOPEZ S.A.C.";13/12/2026;254138;CENT;"URBANO PISO BAJO MOVILIDAD REDUCIDA CON AIRE ACONDICIONADO";ITALBUS;;2020-74551303;;040/20;;;114;9BM382189MB182367;"MERCEDES BENZ";"O 500 U 1826/59";SI;JN:NACIONAL;SI;UC:2025-07-07
AF150IH;166;"SERVICIO COMÚN";2022;29;2033;30546250551;"LA CENTRAL DE VICENTE LOPEZ S.A.C.";08/01/2027;259324;CENT;"URBANO PISO BAJO MOVILIDAD REDUCIDA CON AIRE ACONDICIONADO";ITALBUS;;2020-74551303;;040/20;;;114;9BM382189MB181218;"MERCEDES BENZ";"O 500 U 1826/59";SI;JN:NACIONAL;SI;UC:2025-07-07
AF150IJ;167;"SERVICIO COMÚN";2022;29;2033;30546250551;"LA CENTRAL DE VICENTE LOPEZ S.A.C.";27/12/2026;256257;CENT;"URBANO PISO BAJO MOVILIDAD REDUCIDA CON AIRE ACONDICIONADO";ITALBUS;;2020-74551303;;040/20;;;114;9BM382189MB182080;"MERCEDES BENZ";"O 500 U 1826/59";SI;JN:NACIONAL;SI;UC:2027-01-28
AF150IL;168;"SERVICIO COMÚN";2022;29;2033;30546250551;"LA CENTRAL DE VICENTE LOPEZ S.A.C.";16/11/2026;119601;CENT;"URBANO PISO BAJO MOVILIDAD REDUCIDA CON AIRE ACONDICIONADO";ITALBUS;;2020-74551303;;040/20;;;114;9BM382189MB181210;"MERCEDES BENZ";"O 500 U 1826/59";SI;JN:NACIONAL;SI;UC:2025-07-12
AF150IN;169;"SERVICIO COMÚN";2022;29;2033;30546250551;"LA CENTRAL DE VICENTE LOPEZ S.A.C.";30/11/2026;122952;CENT;"URBANO PISO BAJO MOVILIDAD REDUCIDA CON AIRE ACONDICIONADO";ITALBUS;;2020-74551303;;040/20;;;114;9BM382189MB181652;"MERCEDES BENZ";"O 500 U 1826/59";SI;JN:NACIONAL;SI;UC:2027-01-28
AF195YQ;331;"SERVICIO COMÚN";2022;25;2033;30546250551;"LA CENTRAL DE VICENTE LOPEZ S.A.C.";16/10/2026;987552;CENT;"URBANO PISO BAJO MOVILIDAD REDUCIDA CON AIRE ACONDICIONADO";ITALBUS;;2021-5088926;;006/21;;;148;8AB368185NA151276;"MERCEDES BENZ";"OH 1621 L-SB/55";SI;JN:NACIONAL;SI;UC:2026-10-27
AF195ZW;332;"SERVICIO COMÚN";2022;25;2033;30546250551;"LA CENTRAL DE VICENTE LOPEZ S.A.C.";25/09/2026;982720;CENT;"URBANO PISO BAJO MOVILIDAD REDUCIDA CON AIRE ACONDICIONADO";ITALBUS;;2021-5088926;;006/21;;;148;8AB368185NA151256;"MERCEDES BENZ";"OH 1621 L-SB/55";SI;JN:NACIONAL;SI;UC:2026-10-27
AF195ZX;333;"SERVICIO COMÚN";2022;25;2033;30546250551;"LA CENTRAL DE VICENTE LOPEZ S.A.C.";08/10/2026;984983;CENT;"URBANO PISO BAJO MOVILIDAD REDUCIDA CON AIRE ACONDICIONADO";ITALBUS;;2021-5088926;;006/21;;;148;8AB368185NA151259;"MERCEDES BENZ";"OH 1621 L-SB/55";SI;JN:NACIONAL;SI;UC:2026-10-27
AF195ZY;341;"SERVICIO COMÚN";2022;25;2033;30546250551;"LA CENTRAL DE VICENTE LOPEZ S.A.C.";09/10/2026;985040;CENT;"URBANO PISO BAJO MOVILIDAD REDUCIDA CON AIRE ACONDICIONADO";ITALBUS;;2021-5088926;;006/21;;;148;8AB368185NA151260;"MERCEDES BENZ";"OH 1621 L-SB/55";SI;JN:NACIONAL;SI;UC:2026-10-27
AF195ZZ;334;"SERVICIO COMÚN";2022;25;2033;30546250551;"LA CENTRAL DE VICENTE LOPEZ S.A.C.";15/11/2026;119587;CENT;"URBANO PISO BAJO MOVILIDAD REDUCIDA CON AIRE ACONDICIONADO";ITALBUS;;2021-5088926;;006/21;;;148;8AB368185NA151262;"MERCEDES BENZ";"OH 1621 L-SB/55";SI;JN:NACIONAL;SI;UC:2026-11-14
AF196AA;338;"SERVICIO COMÚN";2022;25;2033;30546250551;"LA CENTRAL DE VICENTE LOPEZ S.A.C.";17/09/2026;980684;CENT;"URBANO PISO BAJO MOVILIDAD REDUCIDA CON AIRE ACONDICIONADO";ITALBUS;;2021-5088926;;006/21;;;148;8AB368185NA151264;"MERCEDES BENZ";"OH 1621 L-SB/55";SI;JN:NACIONAL;SI;UC:2026-10-27
AF196AB;330;"SERVICIO COMÚN";2022;25;2033;30546250551;"LA CENTRAL DE VICENTE LOPEZ S.A.C.";23/11/2026;119778;CENT;"URBANO PISO BAJO MOVILIDAD REDUCIDA CON AIRE ACONDICIONADO";ITALBUS;;2021-5088926;;006/21;;;148;8AB368185NA151244;"MERCEDES BENZ";"OH 1621 L-SB/55";SI;JN:NACIONAL;SI;UC:2026-11-14
AF196AC;335;"SERVICIO COMÚN";2022;25;2033;30546250551;"LA CENTRAL DE VICENTE LOPEZ S.A.C.";01/10/2026;982986;CENT;"URBANO PISO BAJO MOVILIDAD REDUCIDA CON AIRE ACONDICIONADO";ITALBUS;;2021-5088926;;006/21;;;148;8AB368185NA151245;"MERCEDES BENZ";"OH 1621 L-SB/55";SI;JN:NACIONAL;SI;UC:2026-10-27
AF196AD;336;"SERVICIO COMÚN";2022;25;2033;30546250551;"LA CENTRAL DE VICENTE LOPEZ S.A.C.";06/10/2026;984871;CENT;"URBANO PISO BAJO MOVILIDAD REDUCIDA CON AIRE ACONDICIONADO";ITALBUS;;2021-5088926;;006/21;;;148;8AB368185NA151261;"MERCEDES BENZ";"OH 1621 L-SB/55";SI;JN:NACIONAL;SI;UC:2026-10-27
AF196AP;337;"SERVICIO COMÚN";2022;25;2033;30546250551;"LA CENTRAL DE VICENTE LOPEZ S.A.C.";15/10/2026;986445;CENT;"URBANO PISO BAJO MOVILIDAD REDUCIDA CON AIRE ACONDICIONADO";ITALBUS;;2021-5088926;;006/21;;;148;8AB368185NA151290;"MERCEDES BENZ";"OH 1621 L-SB/55";SI;JN:NACIONAL;SI;UC:2026-10-27
AF739XO;776;"SERVICIO COMÚN MEDIA DISTANCIA x AUTOPISTA";2023;45;2033;30546250551;"LA CENTRAL DE VICENTE LOPEZ S.A.C.";02/12/2026;139372;CENT;"MEDIA DISTANCIA AUTOPISTA DIFERENCIAL";ITALBUS;;39115/2017;;0070/17;CONTINENTAL;10262955;129;9BM382189NB223372;"MERCEDES BENZ";"O 500 U 1826/59";NO;JN:NACIONAL;SI;AC:2033-12-31
AF739XP;777;"SERVICIO COMÚN MEDIA DISTANCIA x AUTOPISTA";2023;45;2033;30546250551;"LA CENTRAL DE VICENTE LOPEZ S.A.C.";02/12/2026;122998;CENT;"MEDIA DISTANCIA AUTOPISTA DIFERENCIAL";ITALBUS;;39115/2017;;0070/17;CONTINENTAL;10270619;129;9BM382189NB223368;"MERCEDES BENZ";"O 500 U 1826/59";NO;JN:NACIONAL;SI;AC:2033-12-31
AF900MN;782;"SERVICIO COMÚN MEDIA DISTANCIA x AUTOPISTA";2023;45;2033;30546250551;"LA CENTRAL DE VICENTE LOPEZ S.A.C.";13/12/2026;139714;CENT;"MEDIA DISTANCIA AUTOPISTA DIFERENCIAL";ITALBUS;;39115/2017;;0070/17;CONTINENTAL;10278045;129;9BM382189NB230228;"MERCEDES BENZ";"O 500 U 1826/59";NO;JN:NACIONAL;SI;AC:2024-08-28
AF900MP;783;"SERVICIO COMÚN MEDIA DISTANCIA x AUTOPISTA";2023;45;2033;30546250551;"LA CENTRAL DE VICENTE LOPEZ S.A.C.";03/01/2027;140205;CENT;"MEDIA DISTANCIA AUTOPISTA DIFERENCIAL";ITALBUS;;39115/2017;;0070/17;CONTINENTAL;10397245;129;9BM382189NB230230;"MERCEDES BENZ";"O 500 U 1826/59";NO;JN:NACIONAL;SI;AC:2024-02-09
AF900MQ;784;"SERVICIO COMÚN MEDIA DISTANCIA x AUTOPISTA";2023;45;2033;30546250551;"LA CENTRAL DE VICENTE LOPEZ S.A.C.";04/12/2026;139422;CENT;"MEDIA DISTANCIA AUTOPISTA DIFERENCIAL";ITALBUS;;39115/2017;;0070/17;CONTINENTAL;10284108;129;9BM382189NB230014;"MERCEDES BENZ";"O 500 U 1826/59";NO;JN:NACIONAL;SI;AC:2024-08-28
AF900MT;206;"SERVICIO COMÚN";2023;25;2033;30546250551;"LA CENTRAL DE VICENTE LOPEZ S.A.C.";27/09/2026;67466;CENT;"URBANO PISO BAJO MOVILIDAD REDUCIDA CON AIRE ACONDICIONADO";ITALBUS;;2021-15550954;;011/21;;;114;8AB368187NA151438;"MERCEDES BENZ";"OH 1721 L-SB/62";SI;JN:NACIONAL;SI;UC:2024-01-19
AF919IW;197;"SERVICIO COMÚN";2023;29;2033;30546250551;"LA CENTRAL DE VICENTE LOPEZ S.A.C.";28/09/2026;67481;CENT;"URBANO PISO BAJO MOVILIDAD REDUCIDA CON AIRE ACONDICIONADO";ITALBUS;;2021-15550954;;011/21;;;114;8AB368187PA151844;"MERCEDES BENZ";"OH 1721 L-SB/62";SI;JN:NACIONAL;SI;UC:2024-06-28
AF919IX;198;"SERVICIO COMÚN";2023;25;2033;30546250551;"LA CENTRAL DE VICENTE LOPEZ S.A.C.";04/01/2027;256444;CENT;"URBANO PISO BAJO MOVILIDAD REDUCIDA CON AIRE ACONDICIONADO";ITALBUS;;2021-15550954;;011/21;;;143;8AB368187PA151843;"MERCEDES BENZ";"OH 1721 L-SB/62";SI;JN:NACIONAL;SI;UC:2024-08-22
AF919IY;199;"SERVICIO COMÚN";2023;25;2033;30546250551;"LA CENTRAL DE VICENTE LOPEZ S.A.C.";28/09/2026;67493;CENT;"URBANO PISO BAJO MOVILIDAD REDUCIDA CON AIRE ACONDICIONADO";ITALBUS;;2021-15550954;;011/21;;;114;8AB368187PA151935;"MERCEDES BENZ";"OH 1721 L-SB/62";SI;JN:NACIONAL;SI;UC:2024-08-27
AF920MT;778;"SERVICIO COMÚN MEDIA DISTANCIA x AUTOPISTA";2023;45;2033;30546250551;"LA CENTRAL DE VICENTE LOPEZ S.A.C.";17/09/2026;83929;CENT;"MEDIA DISTANCIA AUTOPISTA DIFERENCIAL";ITALBUS;;39115/2017;;0070/17;CONTINENTAL;10278060;129;9BM382189NB228799;"MERCEDES BENZ";"O 500 U 1826/59";NO;JN:NACIONAL;SI;AC:2028-04-12
AF920MV;780;"SERVICIO COMÚN MEDIA DISTANCIA x AUTOPISTA";2023;45;2033;30546250551;"LA CENTRAL DE VICENTE LOPEZ S.A.C.";04/10/2026;86236;CENT;"MEDIA DISTANCIA AUTOPISTA DIFERENCIAL";ITALBUS;;39115/2017;;0070/17;CONTINENTAL;10278068;129;9BM382189NB227694;"MERCEDES BENZ";"O 500 U 1826/59";NO;JN:NACIONAL;SI;AC:2028-04-12
AF920MW;779;"SERVICIO COMÚN MEDIA DISTANCIA x AUTOPISTA";2023;45;2033;30546250551;"LA CENTRAL DE VICENTE LOPEZ S.A.C.";25/09/2026;84118;CENT;"MEDIA DISTANCIA AUTOPISTA DIFERENCIAL";ITALBUS;;39115/2017;;0070/17;CONTINENTAL;10278063;129;9BM382189NB227692;"MERCEDES BENZ";"O 500 U 1826/59";NO;JN:NACIONAL;SI;AC:2028-04-12
AF920MY;781;"SERVICIO COMÚN MEDIA DISTANCIA x AUTOPISTA";2023;45;2033;30546250551;"LA CENTRAL DE VICENTE LOPEZ S.A.C.";30/09/2026;86178;CENT;"MEDIA DISTANCIA AUTOPISTA DIFERENCIAL";ITALBUS;;39115/2017;;0070/17;CONTINENTAL;10278052;129;9BM382189NB227933;"MERCEDES BENZ";"O 500 U 1826/59";NO;JN:NACIONAL;SI;AC:2028-04-12
AF961QP;344;"SERVICIO COMÚN";2023;25;2033;30546250551;"LA CENTRAL DE VICENTE LOPEZ S.A.C.";06/11/2026;118182;CENT;"URBANO PISO BAJO MOVILIDAD REDUCIDA CON AIRE ACONDICIONADO";HEPRICAR;;2020-6745306;;017/20;;;148;8AB368185PA151502;"MERCEDES BENZ";"OH 1621 L-SB/55";SI;JN:NACIONAL;SI;UC:2026-10-20
AF961QW;345;"SERVICIO COMÚN";2023;25;2033;30546250551;"LA CENTRAL DE VICENTE LOPEZ S.A.C.";02/11/2026;117488;CENT;"URBANO PISO BAJO MOVILIDAD REDUCIDA CON AIRE ACONDICIONADO";HEPRICAR;;2020-6745306;;017/20;;;148;8AB368185PA151596;"MERCEDES BENZ";"OH 1621 L-SB/55";SI;JN:NACIONAL;SI;UC:2026-10-20
AF961QX;346;"SERVICIO COMÚN";2023;25;2033;30546250551;"LA CENTRAL DE VICENTE LOPEZ S.A.C.";04/11/2026;117498;CENT;"URBANO PISO BAJO MOVILIDAD REDUCIDA CON AIRE ACONDICIONADO";HEPRICAR;;2020-6745306;;017/20;;;148;8AB368185PA151591;"MERCEDES BENZ";"OH 1621 L-SB/55";SI;JN:NACIONAL;SI;UC:2026-10-20
AF961QY;348;"SERVICIO COMÚN";2023;25;2033;30546250551;"LA CENTRAL DE VICENTE LOPEZ S.A.C.";30/10/2026;117462;CENT;"URBANO PISO BAJO MOVILIDAD REDUCIDA CON AIRE ACONDICIONADO";HEPRICAR;;2020-6745306;;017/20;;;148;8AB368185PA151581;"MERCEDES BENZ";"OH 1621 L-SB/55";SI;JN:NACIONAL;SI;UC:2026-10-20
AF961QZ;349;"SERVICIO COMÚN";2023;25;2033;30546250551;"LA CENTRAL DE VICENTE LOPEZ S.A.C.";30/10/2026;117461;CENT;"URBANO PISO BAJO MOVILIDAD REDUCIDA CON AIRE ACONDICIONADO";HEPRICAR;;2020-6745306;;017/20;;;148;8AB368185PA151499;"MERCEDES BENZ";"OH 1621 L-SB/55";SI;JN:NACIONAL;SI;UC:2026-10-20
AF961SZ;350;"SERVICIO COMÚN";2023;25;2033;30546250551;"LA CENTRAL DE VICENTE LOPEZ S.A.C.";06/11/2026;118184;CENT;"URBANO PISO BAJO MOVILIDAD REDUCIDA CON AIRE ACONDICIONADO";HEPRICAR;;2020-6745306;;017/20;;;148;8AB368185PA151539;"MERCEDES BENZ";"OH 1621 L-SB/55";SI;JN:NACIONAL;SI;UC:2026-10-20
AF961TA;351;"SERVICIO COMÚN";2023;25;2033;30546250551;"LA CENTRAL DE VICENTE LOPEZ S.A.C.";02/11/2026;117489;CENT;"URBANO PISO BAJO MOVILIDAD REDUCIDA CON AIRE ACONDICIONADO";HEPRICAR;;2020-6745306;;017/20;;;148;8AB368185PA151667;"MERCEDES BENZ";"OH 1621 L-SB/55";SI;JN:NACIONAL;SI;UC:2026-10-20
AF961TB;353;"SERVICIO COMÚN";2023;25;2033;30546250551;"LA CENTRAL DE VICENTE LOPEZ S.A.C.";06/11/2026;118188;CENT;"URBANO PISO BAJO MOVILIDAD REDUCIDA CON AIRE ACONDICIONADO";HEPRICAR;;2020-6745306;;017/20;;;148;8AB368185PA151542;"MERCEDES BENZ";"OH 1621 L-SB/55";SI;JN:NACIONAL;SI;UC:2026-10-20
AF961TF;354;"SERVICIO COMÚN";2023;25;2033;30546250551;"LA CENTRAL DE VICENTE LOPEZ S.A.C.";30/10/2026;117433;CENT;"URBANO PISO BAJO MOVILIDAD REDUCIDA CON AIRE ACONDICIONADO";HEPRICAR;;2020-6745306;;017/20;;;148;8AB368185PA151522;"MERCEDES BENZ";"OH 1621 L-SB/55";SI;JN:NACIONAL;SI;UC:2026-10-20
AF961TG;356;"SERVICIO COMÚN";2023;25;2033;30546250551;"LA CENTRAL DE VICENTE LOPEZ S.A.C.";30/10/2026;117432;CENT;"URBANO PISO BAJO MOVILIDAD REDUCIDA CON AIRE ACONDICIONADO";HEPRICAR;;2020-6745306;;017/20;;;148;8AB368185PA151519;"MERCEDES BENZ";"OH 1621 L-SB/55";SI;JN:NACIONAL;SI;UC:2026-10-20
AF961TH;357;"SERVICIO COMÚN";2023;25;2033;30546250551;"LA CENTRAL DE VICENTE LOPEZ S.A.C.";30/10/2026;117463;CENT;"URBANO PISO BAJO MOVILIDAD REDUCIDA CON AIRE ACONDICIONADO";HEPRICAR;;2020-6745306;;017/20;;;148;8AB368185PA151586;"MERCEDES BENZ";"OH 1621 L-SB/55";SI;JN:NACIONAL;SI;UC:2026-10-20
AF961TI;358;"SERVICIO COMÚN";2023;25;2033;30546250551;"LA CENTRAL DE VICENTE LOPEZ S.A.C.";04/02/2027;322087;CENT;"URBANO PISO BAJO MOVILIDAD REDUCIDA CON AIRE ACONDICIONADO";HEPRICAR;;2020-6745306;;017/20;;;148;8AB368185PA151630;"MERCEDES BENZ";"OH 1621 L-SB/55";SI;JN:NACIONAL;SI;UC:2026-10-20
AF961TS;359;"SERVICIO COMÚN";2023;25;2033;30546250551;"LA CENTRAL DE VICENTE LOPEZ S.A.C.";07/11/2026;118212;CENT;"URBANO PISO BAJO MOVILIDAD REDUCIDA CON AIRE ACONDICIONADO";HEPRICAR;;2020-6745306;;017/20;;;148;8AB368185PA151646;"MERCEDES BENZ";"OH 1621 L-SB/55";SI;JN:NACIONAL;SI;UC:2026-10-20
AF961UB;360;"SERVICIO COMÚN";2023;25;2033;30546250551;"LA CENTRAL DE VICENTE LOPEZ S.A.C.";02/11/2026;117471;CENT;"URBANO PISO BAJO MOVILIDAD REDUCIDA CON AIRE ACONDICIONADO";HEPRICAR;;2020-6745306;;017/20;;;148;8AB368185PA151768;"MERCEDES BENZ";"OH 1621 L-SB/55";SI;JN:NACIONAL;SI;UC:2026-10-20
AF961UC;362;"SERVICIO COMÚN";2023;25;2033;30546250551;"LA CENTRAL DE VICENTE LOPEZ S.A.C.";05/11/2026;118149;CENT;"URBANO PISO BAJO MOVILIDAD REDUCIDA CON AIRE ACONDICIONADO";HEPRICAR;;2020-6745306;;017/20;;;148;8AB368185PA151720;"MERCEDES BENZ";"OH 1621 L-SB/55";SI;JN:NACIONAL;SI;UC:2026-10-20
AF961UD;363;"SERVICIO COMÚN";2023;25;2033;30546250551;"LA CENTRAL DE VICENTE LOPEZ S.A.C.";30/10/2026;117434;CENT;"URBANO PISO BAJO MOVILIDAD REDUCIDA CON AIRE ACONDICIONADO";HEPRICAR;;2020-6745306;;017/20;;;148;8AB368185PA151902;"MERCEDES BENZ";"OH 1621 L-SB/55";SI;JN:NACIONAL;SI;UC:2026-10-20
AF961UE;364;"SERVICIO COMÚN";2023;25;2033;30546250551;"LA CENTRAL DE VICENTE LOPEZ S.A.C.";30/10/2026;117464;CENT;"URBANO PISO BAJO MOVILIDAD REDUCIDA CON AIRE ACONDICIONADO";HEPRICAR;;2020-6745306;;017/20;;;148;8AB368185PA151773;"MERCEDES BENZ";"OH 1621 L-SB/55";SI;JN:NACIONAL;SI;UC:2026-10-20
AF961VH;365;"SERVICIO COMÚN";2023;25;2033;30546250551;"LA CENTRAL DE VICENTE LOPEZ S.A.C.";30/10/2026;117447;CENT;"URBANO PISO BAJO MOVILIDAD REDUCIDA CON AIRE ACONDICIONADO";HEPRICAR;;2020-6745306;;017/20;;;148;8AB368185PA151899;"MERCEDES BENZ";"OH 1621 L-SB/55";SI;JN:NACIONAL;SI;UC:2026-10-20
AF961VI;366;"SERVICIO COMÚN";2023;25;2033;30546250551;"LA CENTRAL DE VICENTE LOPEZ S.A.C.";08/11/2026;118247;CENT;"URBANO PISO BAJO MOVILIDAD REDUCIDA CON AIRE ACONDICIONADO";HEPRICAR;;2020-6745306;;017/20;;;148;8AB368185PA151629;"MERCEDES BENZ";"OH 1621 L-SB/55";SI;JN:NACIONAL;SI;UC:2026-10-20
AF961VJ;343;"SERVICIO COMÚN";2023;25;2033;30546250551;"LA CENTRAL DE VICENTE LOPEZ S.A.C.";14/11/2026;119561;CENT;"URBANO PISO BAJO MOVILIDAD REDUCIDA CON AIRE ACONDICIONADO";HEPRICAR;;2020-6745306;;017/20;;;148;8AB368185PA151666;"MERCEDES BENZ";"OH 1621 L-SB/55";SI;JN:NACIONAL;SI;UC:2026-10-20
AF961VK;370;"SERVICIO COMÚN";2023;25;2033;30546250551;"LA CENTRAL DE VICENTE LOPEZ S.A.C.";15/11/2026;119590;CENT;"URBANO PISO BAJO MOVILIDAD REDUCIDA CON AIRE ACONDICIONADO";HEPRICAR;;2020-6745306;;017/20;;;148;8AB368185PA151541;"MERCEDES BENZ";"OH 1621 L-SB/55";SI;JN:NACIONAL;SI;UC:2026-10-20
AF961VL;361;"SERVICIO COMÚN";2023;25;2033;30546250551;"LA CENTRAL DE VICENTE LOPEZ S.A.C.";19/11/2026;119654;CENT;"URBANO PISO BAJO MOVILIDAD REDUCIDA CON AIRE ACONDICIONADO";HEPRICAR;;2020-6745306;;017/20;;;148;8AB368185PA151901;"MERCEDES BENZ";"OH 1621 L-SB/55";SI;JN:NACIONAL;SI;UC:2026-10-20
AF961VM;367;"SERVICIO COMÚN";2023;25;2033;30546250551;"LA CENTRAL DE VICENTE LOPEZ S.A.C.";18/11/2026;119635;CENT;"URBANO PISO BAJO MOVILIDAD REDUCIDA CON AIRE ACONDICIONADO";HEPRICAR;;2020-6745306;;017/20;;;148;8AB368185PA151903;"MERCEDES BENZ";"OH 1621 L-SB/55";SI;JN:NACIONAL;SI;UC:2026-10-20
AF961WL;352;"SERVICIO COMÚN";2023;25;2033;30546250551;"LA CENTRAL DE VICENTE LOPEZ S.A.C.";01/12/2026;122983;CENT;"URBANO PISO BAJO MOVILIDAD REDUCIDA CON AIRE ACONDICIONADO";HEPRICAR;;2020-6745306;;017/20;;;148;8AB368185PA151782;"MERCEDES BENZ";"OH 1621 L-SB/55";SI;JN:NACIONAL;SI;UC:2026-11-01
AF961WM;347;"SERVICIO COMÚN";2023;25;2033;30546250551;"LA CENTRAL DE VICENTE LOPEZ S.A.C.";30/11/2026;122961;CENT;"URBANO PISO BAJO MOVILIDAD REDUCIDA CON AIRE ACONDICIONADO";HEPRICAR;;2020-6745306;;017/20;;;148;8AB368185PA151775;"MERCEDES BENZ";"OH 1621 L-SB/55";SI;JN:NACIONAL;SI;UC:2026-11-01
AF961XG;342;"SERVICIO COMÚN";2023;25;2033;30546250551;"LA CENTRAL DE VICENTE LOPEZ S.A.C.";03/12/2026;253036;CENT;"URBANO PISO BAJO MOVILIDAD REDUCIDA CON AIRE ACONDICIONADO";HEPRICAR;;2020-6745306;;017/20;;;148;8AB368185PA151588;"MERCEDES BENZ";"OH 1621 L-SB/55";SI;JN:NACIONAL;SI;UC:2026-11-05
AF961XH;355;"SERVICIO COMÚN";2023;25;2033;30546250551;"LA CENTRAL DE VICENTE LOPEZ S.A.C.";03/12/2026;253040;CENT;"URBANO PISO BAJO MOVILIDAD REDUCIDA CON AIRE ACONDICIONADO";HEPRICAR;;2020-6745306;;017/20;;;148;8AB368185PA151647;"MERCEDES BENZ";"OH 1621 L-SB/55";SI;JN:NACIONAL;SI;UC:2026-11-05
AF961ZC;371;"SERVICIO COMÚN";2023;25;2033;30546250551;"LA CENTRAL DE VICENTE LOPEZ S.A.C.";30/10/2026;117465;CENT;"URBANO PISO BAJO MOVILIDAD REDUCIDA CON AIRE ACONDICIONADO";HEPRICAR;;2020-6745306;;017/20;;;148;8AB368185PA151781;"MERCEDES BENZ";"OH 1621 L-SB/55";SI;JN:NACIONAL;SI;UC:2026-10-20
AF961ZP;368;"SERVICIO COMÚN";2023;25;2033;30546250551;"LA CENTRAL DE VICENTE LOPEZ S.A.C.";30/10/2026;117460;CENT;"URBANO PISO BAJO MOVILIDAD REDUCIDA CON AIRE ACONDICIONADO";HEPRICAR;;2020-6745306;;017/20;;;148;8AB368185PA151785;"MERCEDES BENZ";"OH 1621 L-SB/55";SI;JN:NACIONAL;SI;UC:2026-10-20
AF961ZQ;369;"SERVICIO COMÚN";2023;25;2033;30546250551;"LA CENTRAL DE VICENTE LOPEZ S.A.C.";30/10/2026;117466;CENT;"URBANO PISO BAJO MOVILIDAD REDUCIDA CON AIRE ACONDICIONADO";HEPRICAR;;2020-6745306;;017/20;;;148;8AB368185PA151784;"MERCEDES BENZ";"OH 1621 L-SB/55";SI;JN:NACIONAL;SI;UC:2026-10-20
AF962VG;207;"SERVICIO COMÚN";2023;25;2033;30546250551;"LA CENTRAL DE VICENTE LOPEZ S.A.C.";21/09/2026;67354;CENT;"URBANO PISO BAJO MOVILIDAD REDUCIDA CON AIRE ACONDICIONADO";ITALBUS;;2021-15550954;;011/21;;;143;8AB368187PA151479;"MERCEDES BENZ";"OH 1721 L-SB/62";SI;JN:NACIONAL;SI;UC:2024-01-20
AF962VH;208;"SERVICIO COMÚN";2023;25;2033;30546250551;"LA CENTRAL DE VICENTE LOPEZ S.A.C.";21/09/2026;67357;CENT;"URBANO PISO BAJO MOVILIDAD REDUCIDA CON AIRE ACONDICIONADO";ITALBUS;;2021-15550954;;011/21;;;143;8AB368187PA151621;"MERCEDES BENZ";"OH 1721 L-SB/62";SI;JN:NACIONAL;SI;UC:2024-01-20
AF962VI;209;"SERVICIO COMÚN";2023;25;2033;30546250551;"LA CENTRAL DE VICENTE LOPEZ S.A.C.";28/09/2026;67485;CENT;"URBANO PISO BAJO MOVILIDAD REDUCIDA CON AIRE ACONDICIONADO";ITALBUS;;2021-15550954;;011/21;;;143;8AB368187PA151619;"MERCEDES BENZ";"OH 1721 L-SB/62";SI;JN:NACIONAL;SI;UC:2024-01-21
AF962VJ;210;"SERVICIO COMÚN";2023;25;2033;30546250551;"LA CENTRAL DE VICENTE LOPEZ S.A.C.";28/09/2026;67499;CENT;"URBANO PISO BAJO MOVILIDAD REDUCIDA CON AIRE ACONDICIONADO";ITALBUS;;2021-15550954;;011/21;;;114;8AB368187PA151491;"MERCEDES BENZ";"OH 1721 L-SB/62";SI;JN:NACIONAL;SI;UC:2024-03-05
AF992RJ;785;"SERVICIO COMÚN MEDIA DISTANCIA x AUTOPISTA";2023;45;2033;30546250551;"LA CENTRAL DE VICENTE LOPEZ S.A.C.";30/12/2026;140089;CENT;"MEDIA DISTANCIA AUTOPISTA DIFERENCIAL";ITALBUS;;39115/2017;;0070/17;CONTINENTAL;10399157;129;9BM382189PB285230;"MERCEDES BENZ";"O 500 U 1826/59";NO;JN:NACIONAL;SI;AC:2028-04-21
AF992RK;211;"SERVICIO COMÚN";2023;25;2033;30546250551;"LA CENTRAL DE VICENTE LOPEZ S.A.C.";05/11/2026;118139;CENT;"URBANO PISO BAJO MOVILIDAD REDUCIDA CON AIRE ACONDICIONADO";ITALBUS;;2021-15550954;;011/21;;;114;8AB368187PA151932;"MERCEDES BENZ";"OH 1721 L-SB/62";SI;JN:NACIONAL;SI;UC:2033-12-31
AF992RT;215;"SERVICIO COMÚN";2023;25;2033;30546250551;"LA CENTRAL DE VICENTE LOPEZ S.A.C.";02/11/2026;117480;CENT;"URBANO PISO BAJO MOVILIDAD REDUCIDA CON AIRE ACONDICIONADO";ITALBUS;;2021-15550954;;011/21;;;143;8AB368187PA151841;"MERCEDES BENZ";"OH 1721 L-SB/62";SI;JN:NACIONAL;SI;UC:2033-12-31
AF992RX;212;"SERVICIO COMÚN";2023;25;2033;30546250551;"LA CENTRAL DE VICENTE LOPEZ S.A.C.";25/10/2026;117319;CENT;"URBANO PISO BAJO MOVILIDAD REDUCIDA CON AIRE ACONDICIONADO";ITALBUS;;2021-15550954;;011/21;;;143;8AB368187PA151933;"MERCEDES BENZ";"OH 1721 L-SB/62";SI;JN:NACIONAL;SI;UC:2033-12-31
AF992RZ;213;"SERVICIO COMÚN";2023;25;2033;30546250551;"LA CENTRAL DE VICENTE LOPEZ S.A.C.";25/10/2026;117315;CENT;"URBANO PISO BAJO MOVILIDAD REDUCIDA CON AIRE ACONDICIONADO";ITALBUS;;2021-15550954;;011/21;;;114;8AB368187PA151934;"MERCEDES BENZ";"OH 1721 L-SB/62";SI;JN:NACIONAL;SI;UC:2033-12-31
AG045KA;214;"SERVICIO COMÚN";2023;25;2033;30546250551;"LA CENTRAL DE VICENTE LOPEZ S.A.C.";02/11/2026;117469;CENT;"URBANO PISO BAJO MOVILIDAD REDUCIDA CON AIRE ACONDICIONADO";ITALBUS;;2021-15550954;;011/21;;;114;8AB368187PA151840;"MERCEDES BENZ";"OH 1721 L-SB/62";SI;JN:NACIONAL;SI;UC:2033-12-31
AG442NZ;76;"SERVICIO COMÚN";2024;25;2033;30546250551;"LA CENTRAL DE VICENTE LOPEZ S.A.C.";11/10/2026;113820;CENT;"URBANO PISO BAJO MOVILIDAD REDUCIDA CON AIRE ACONDICIONADO";ITALBUS;;2021-15550954;;011/21;;;143;8AB368187PA152013;"MERCEDES BENZ";"OH 1721 L-SB/62";SI;JN:NACIONAL;SI;UC:2024-06-09
AG442OA;75;"SERVICIO COMÚN";2024;25;2033;30546250551;"LA CENTRAL DE VICENTE LOPEZ S.A.C.";11/10/2026;113825;CENT;"URBANO PISO BAJO MOVILIDAD REDUCIDA CON AIRE ACONDICIONADO";ITALBUS;;2021-15550954;;011/21;;;143;8AB368187PA152017;"MERCEDES BENZ";"OH 1721 L-SB/62";SI;JN:NACIONAL;SI;UC:2024-06-09
AG442OB;72;"SERVICIO COMÚN";2024;25;2033;30546250551;"LA CENTRAL DE VICENTE LOPEZ S.A.C.";04/10/2026;113626;CENT;"URBANO PISO BAJO MOVILIDAD REDUCIDA CON AIRE ACONDICIONADO";ITALBUS;;2021-15550954;;011/21;;;114;8AB368187PA152015;"MERCEDES BENZ";"OH 1721 L-SB/62";SI;JN:NACIONAL;SI;UC:2024-06-09
AG442OZ;73;"SERVICIO COMÚN";2024;25;2033;30546250551;"LA CENTRAL DE VICENTE LOPEZ S.A.C.";11/10/2026;113841;CENT;"URBANO PISO BAJO MOVILIDAD REDUCIDA CON AIRE ACONDICIONADO";ITALBUS;;2021-15550954;;011/21;;;114;8AB368187PA152012;"MERCEDES BENZ";"OH 1721 L-SB/62";SI;JN:NACIONAL;SI;UC:2024-06-09
AG531MA;71;"SERVICIO COMÚN";2024;25;2033;30546250551;"LA CENTRAL DE VICENTE LOPEZ S.A.C.";11/10/2026;113827;CENT;"URBANO PISO BAJO MOVILIDAD REDUCIDA CON AIRE ACONDICIONADO";ITALBUS;;2021-15550954;;011/21;;;114;8AB368187PA152078;"MERCEDES BENZ";"OH 1721 L-SB/62";SI;JN:NACIONAL;SI;UC:2024-06-09
AG531MB;74;"SERVICIO COMÚN";2024;25;2033;30546250551;"LA CENTRAL DE VICENTE LOPEZ S.A.C.";11/10/2026;113845;CENT;"URBANO PISO BAJO MOVILIDAD REDUCIDA CON AIRE ACONDICIONADO";ITALBUS;;2021-15550954;;011/21;;;143;8AB368187PA152019;"MERCEDES BENZ";"OH 1721 L-SB/62";SI;JN:NACIONAL;SI;UC:2024-06-09
AG800MX;887;"SERVICIO COMÚN";2024;25;2033;30546250551;"LA CENTRAL DE VICENTE LOPEZ S.A.C.";27/02/2027;420297;CENT;"URBANO PISO BAJO MOVILIDAD REDUCIDA CON AIRE ACONDICIONADO";ITALBUS;;2021-5088926;;006/21;;;197;8AB368185RA152276;"MERCEDES BENZ";"OH 1621 L-SB/55";SI;JN:NACIONAL;SI;UC:2026-02-26
AG846OF;854;"SERVICIO COMÚN";2024;29;2033;30546250551;"LA CENTRAL DE VICENTE LOPEZ S.A.C.";11/02/2027;262162;CENT;"URBANO PISO BAJO MOVILIDAD REDUCIDA CON AIRE ACONDICIONADO";ITALBUS;;2020-74551303;;040/20;;;197;9BM382189RB333214;"MERCEDES BENZ";"O 500 U 1826/59";SI;JN:NACIONAL;SI;UC:2026-02-28
AG846OG;855;"SERVICIO COMÚN";2024;29;2033;30546250551;"LA CENTRAL DE VICENTE LOPEZ S.A.C.";25/01/2027;260160;CENT;"URBANO PISO BAJO MOVILIDAD REDUCIDA CON AIRE ACONDICIONADO";ITALBUS;;2020-74551303;;040/20;;;197;9BM382189RB340758;"MERCEDES BENZ";"O 500 U 1826/59";SI;JN:NACIONAL;SI;UC:2026-02-28
AH062GS;872;"SERVICIO COMÚN";2025;25;2033;30546250551;"LA CENTRAL DE VICENTE LOPEZ S.A.C.";28/01/2027;260201;CENT;"URBANO PISO BAJO MOVILIDAD REDUCIDA CON AIRE ACONDICIONADO";ITALBUS;;2021-5088926;;006/21;;;197;8AB368185RA152225;"MERCEDES BENZ";"OH 1621 L-SB/55";SI;JN:NACIONAL;SI;UC:2026-02-28
AH062GV;860;"SERVICIO COMÚN";2025;30;2033;30546250551;"LA CENTRAL DE VICENTE LOPEZ S.A.C.";11/02/2027;262156;CENT;"URBANO PISO BAJO MOVILIDAD REDUCIDA CON AIRE ACONDICIONADO";"LA FAVORITA";;106004/2016;;0138/16;;;197;9BM382189PB291254;"MERCEDES BENZ";"O 500 U 1826/59";SI;JN:NACIONAL;SI;UC:2026-05-14
AH062GW;865;"SERVICIO COMÚN";2025;30;2033;30546250551;"LA CENTRAL DE VICENTE LOPEZ S.A.C.";22/02/2027;419588;CENT;"URBANO PISO BAJO MOVILIDAD REDUCIDA CON AIRE ACONDICIONADO";"LA FAVORITA";;106004/2016;;0138/16;;;197;9BM382189PB290673;"MERCEDES BENZ";"O 500 U 1826/59";SI;JN:NACIONAL;SI;UC:2026-02-28
AH062GX;869;"SERVICIO COMÚN";2025;30;2033;30546250551;"LA CENTRAL DE VICENTE LOPEZ S.A.C.";18/02/2027;419410;CENT;"URBANO PISO BAJO MOVILIDAD REDUCIDA CON AIRE ACONDICIONADO";"LA FAVORITA";;106004/2016;;0138/16;;;197;9BM382189PB289177;"MERCEDES BENZ";"O 500 U 1826/59";SI;JN:NACIONAL;SI;UC:2026-02-28
AH091WT;801;"SERVICIO COMÚN";2025;25;2033;30546250551;"LA CENTRAL DE VICENTE LOPEZ S.A.C.";28/01/2027;260222;CENT;"URBANO PISO BAJO MOVILIDAD REDUCIDA CON AIRE ACONDICIONADO";ITALBUS;;2021-5088926;;006/21;;;197;8AB368185RA152277;"MERCEDES BENZ";"OH 1621 L-SB/55";SI;JN:NACIONAL;SI;UC:2026-02-26
AH091WU;802;"SERVICIO COMÚN";2025;29;2033;30546250551;"LA CENTRAL DE VICENTE LOPEZ S.A.C.";18/02/2027;419411;CENT;"URBANO PISO BAJO MOVILIDAD REDUCIDA CON AIRE ACONDICIONADO";ITALBUS;;2020-74551303;;040/20;;;197;9BM382189SB363605;"MERCEDES BENZ";"O 500 U 1826/59";SI;JN:NACIONAL;SI;UC:2026-02-26
AH091WV;805;"SERVICIO COMÚN";2025;29;2033;30546250551;"LA CENTRAL DE VICENTE LOPEZ S.A.C.";08/02/2027;262091;CENT;"URBANO PISO BAJO MOVILIDAD REDUCIDA CON AIRE ACONDICIONADO";ITALBUS;;2020-74551303;;040/20;;;197;9BM382189SB361232;"MERCEDES BENZ";"O 500 U 1826/59";SI;JN:NACIONAL;SI;UC:2026-02-26
AH091WW;806;"SERVICIO COMÚN";2025;29;2033;30546250551;"LA CENTRAL DE VICENTE LOPEZ S.A.C.";08/02/2027;262094;CENT;"URBANO PISO BAJO MOVILIDAD REDUCIDA CON AIRE ACONDICIONADO";ITALBUS;;2020-74551303;;040/20;;;197;9BM382189RB341222;"MERCEDES BENZ";"O 500 U 1826/59";SI;JN:NACIONAL;SI;UC:2026-02-26
AH091WX;807;"SERVICIO COMÚN";2025;29;2033;30546250551;"LA CENTRAL DE VICENTE LOPEZ S.A.C.";06/02/2027;262026;CENT;"URBANO PISO BAJO MOVILIDAD REDUCIDA CON AIRE ACONDICIONADO";ITALBUS;;2020-74551303;;040/20;;;197;9BM382189SB363612;"MERCEDES BENZ";"O 500 U 1826/59";SI;JN:NACIONAL;SI;UC:2026-02-28
AH091WY;810;"SERVICIO COMÚN";2025;29;2033;30546250551;"LA CENTRAL DE VICENTE LOPEZ S.A.C.";20/02/2027;419490;CENT;"URBANO PISO BAJO MOVILIDAD REDUCIDA CON AIRE ACONDICIONADO";ITALBUS;;2020-74551303;;040/20;;;197;9BM382189SB361951;"MERCEDES BENZ";"O 500 U 1826/59";SI;JN:NACIONAL;SI;UC:2026-02-26
AH1941H;830;"SERVICIO COMÚN";2025;29;2033;30546250551;"LA CENTRAL DE VICENTE LOPEZ S.A.C.";;;;"URBANO PISO BAJO MOVILIDAD REDUCIDA CON AIRE ACONDICIONADO";ITALBUS;;2020-74551303;;040/20;;;197;9BM382189SB371487;"MERCEDES BENZ";"O 500 U 1826/59";SI;JN:NACIONAL;SI;UC:2026-02-28
AH194ID;876;"SERVICIO COMÚN";2025;29;2033;30546250551;"LA CENTRAL DE VICENTE LOPEZ S.A.C.";25/02/2027;420237;CENT;"URBANO PISO BAJO MOVILIDAD REDUCIDA CON AIRE ACONDICIONADO";ITALBUS;;2020-74551303;;040/20;;;197;9BM382189SB378772;"MERCEDES BENZ";"O 500 U 1826/59";SI;JN:NACIONAL;SI;UC:2026-02-28
AH194IG;883;"SERVICIO COMÚN";2025;29;2033;30546250551;"LA CENTRAL DE VICENTE LOPEZ S.A.C.";25/02/2027;420246;CENT;"URBANO PISO BAJO MOVILIDAD REDUCIDA CON AIRE ACONDICIONADO";ITALBUS;;2020-74551303;;040/20;;;197;9BM382189SB372199;"MERCEDES BENZ";"O 500 U 1826/59";SI;JN:NACIONAL;SI;UC:2026-02-28
AH194II;803;"SERVICIO COMÚN";2025;29;2033;30546250551;"LA CENTRAL DE VICENTE LOPEZ S.A.C.";07/02/2027;262061;CENT;"URBANO PISO BAJO MOVILIDAD REDUCIDA CON AIRE ACONDICIONADO";ITALBUS;;2020-74551303;;040/20;;;197;9BM382189SB361225;"MERCEDES BENZ";"O 500 U 1826/59";SI;JN:NACIONAL;SI;UC:2026-02-28
AH194IJ;811;"SERVICIO COMÚN";2025;29;2033;30546250551;"LA CENTRAL DE VICENTE LOPEZ S.A.C.";06/02/2027;262023;CENT;"URBANO PISO BAJO MOVILIDAD REDUCIDA CON AIRE ACONDICIONADO";ITALBUS;;2020-74551303;;040/20;;;197;9BM382189SB378572;"MERCEDES BENZ";"O 500 U 1826/59";SI;JN:NACIONAL;SI;UC:2026-02-28
AH194IK;818;"SERVICIO COMÚN";2025;29;2033;30546250551;"LA CENTRAL DE VICENTE LOPEZ S.A.C.";14/09/2026;66367;CENT;"URBANO PISO BAJO MOVILIDAD REDUCIDA CON AIRE ACONDICIONADO";ITALBUS;;2020-74551303;;040/20;;;114;9BM382189SB361226;"MERCEDES BENZ";"O 500 U 1826/59";SI;JN:NACIONAL;SI;UC:2026-03-16
AH194IL;884;"SERVICIO COMÚN";2025;29;2033;30546250551;"LA CENTRAL DE VICENTE LOPEZ S.A.C.";11/10/2026;113821;CENT;"URBANO PISO BAJO MOVILIDAD REDUCIDA CON AIRE ACONDICIONADO";ITALBUS;;2020-74551303;;040/20;;;114;9BM382189SB378774;"MERCEDES BENZ";"O 500 U 1826/59";SI;JN:NACIONAL;SI;UC:2026-04-16
AH194IM;863;"SERVICIO COMÚN";2025;29;2033;30546250551;"LA CENTRAL DE VICENTE LOPEZ S.A.C.";15/02/2027;419383;CENT;"URBANO PISO BAJO MOVILIDAD REDUCIDA CON AIRE ACONDICIONADO";ITALBUS;;2020-74551303;;040/20;;;143;9BM382189SB361042;"MERCEDES BENZ";"O 500 U 1826/59";SI;JN:NACIONAL;SI;UC:2026-05-14
AH194IN;866;"SERVICIO COMÚN";2025;29;2033;30546250551;"LA CENTRAL DE VICENTE LOPEZ S.A.C.";15/02/2027;419382;CENT;"URBANO PISO BAJO MOVILIDAD REDUCIDA CON AIRE ACONDICIONADO";ITALBUS;;2020-74551303;;040/20;;;114;9BM382189SB363609;"MERCEDES BENZ";"O 500 U 1826/59";SI;JN:NACIONAL;SI;UC:2026-03-01
AH194IO;881;"SERVICIO COMÚN";2025;29;2033;30546250551;"LA CENTRAL DE VICENTE LOPEZ S.A.C.";28/02/2027;420364;CENT;"URBANO PISO BAJO MOVILIDAD REDUCIDA CON AIRE ACONDICIONADO";ITALBUS;;2020-74551303;;040/20;;;143;9BM382189SB371489;"MERCEDES BENZ";"O 500 U 1826/59";SI;JN:NACIONAL;SI;UC:2026-03-01
AH194IP;890;"SERVICIO COMÚN";2025;29;2033;30546250551;"LA CENTRAL DE VICENTE LOPEZ S.A.C.";28/02/2027;420363;CENT;"URBANO PISO BAJO MOVILIDAD REDUCIDA CON AIRE ACONDICIONADO";ITALBUS;;2020-74551303;;040/20;;;114;9BM382189SB379258;"MERCEDES BENZ";"O 500 U 1826/59";SI;JN:NACIONAL;SI;UC:2026-04-16
AH205AD;844;"SERVICIO COMÚN";2025;25;2033;30546250551;"LA CENTRAL DE VICENTE LOPEZ S.A.C.";29/01/2027;260244;CENT;"URBANO PISO BAJO MOVILIDAD REDUCIDA CON AIRE ACONDICIONADO";ITALBUS;;2021-15550954;;011/21;;;197;8AB368187SA152830;"MERCEDES BENZ";"OH 1721 L-SB/62";SI;JN:NACIONAL;SI;UC:2026-02-27
AH205AE;841;"SERVICIO COMÚN";2025;25;2033;30546250551;"LA CENTRAL DE VICENTE LOPEZ S.A.C.";24/01/2027;260116;CENT;"URBANO PISO BAJO MOVILIDAD REDUCIDA CON AIRE ACONDICIONADO";ITALBUS;;2021-15550954;;011/21;;;197;8AB368187SA152760;"MERCEDES BENZ";"OH 1721 L-SB/62";SI;JN:NACIONAL;SI;UC:2026-02-27
AH205AF;852;"SERVICIO COMÚN";2025;25;2033;30546250551;"LA CENTRAL DE VICENTE LOPEZ S.A.C.";29/01/2027;260231;CENT;"URBANO PISO BAJO MOVILIDAD REDUCIDA CON AIRE ACONDICIONADO";ITALBUS;;2021-15550954;;011/21;;;197;8AB368187SA152813;"MERCEDES BENZ";"OH 1721 L-SB/62";SI;JN:NACIONAL;SI;UC:2026-02-27
AH205AG;850;"SERVICIO COMÚN";2025;25;2033;30546250551;"LA CENTRAL DE VICENTE LOPEZ S.A.C.";18/02/2027;419418;CENT;"URBANO PISO BAJO MOVILIDAD REDUCIDA CON AIRE ACONDICIONADO";ITALBUS;;2021-15550954;;011/21;;;197;8AB368187SA152829;"MERCEDES BENZ";"OH 1721 L-SB/62";SI;JN:NACIONAL;SI;UC:2026-02-27
AH205AN;851;"SERVICIO COMÚN";2025;25;2033;30546250551;"LA CENTRAL DE VICENTE LOPEZ S.A.C.";21/02/2027;419551;CENT;"URBANO PISO BAJO MOVILIDAD REDUCIDA CON AIRE ACONDICIONADO";ITALBUS;;2021-15550954;;011/21;;;197;8AB368187SA152674;"MERCEDES BENZ";"OH 1721 L-SB/62";SI;JN:NACIONAL;SI;UC:2026-02-27
AH207DG;94;"SERVICIO COMÚN";2025;29;2033;30546250551;"LA CENTRAL DE VICENTE LOPEZ S.A.C.";04/10/2026;113638;CENT;"URBANO PISO BAJO MOVILIDAD REDUCIDA CON AIRE ACONDICIONADO";ITALBUS;;2020-74551303;;040/20;;;143;9BM382189SB377768;"MERCEDES BENZ";"O 500 U 1826/59";SI;JN:NACIONAL;SI;UC:2026-05-14
AH207DH;93;"SERVICIO COMÚN";2025;29;2033;30546250551;"LA CENTRAL DE VICENTE LOPEZ S.A.C.";07/09/2026;66179;CENT;"URBANO PISO BAJO MOVILIDAD REDUCIDA CON AIRE ACONDICIONADO";ITALBUS;;2020-74551303;;040/20;;;143;9BM382189SB377553;"MERCEDES BENZ";"O 500 U 1826/59";SI;JN:NACIONAL;SI;UC:2026-06-10
AH207DI;90;"SERVICIO COMÚN";2025;29;2033;30546250551;"LA CENTRAL DE VICENTE LOPEZ S.A.C.";07/09/2026;66166;CENT;"URBANO PISO BAJO MOVILIDAD REDUCIDA CON AIRE ACONDICIONADO";ITALBUS;;2020-74551303;;040/20;;;114;9BM382189SB378380;"MERCEDES BENZ";"O 500 U 1826/59";SI;JN:NACIONAL;SI;UC:2026-06-10
AH207DJ;91;"SERVICIO COMÚN";2025;29;2033;30546250551;"LA CENTRAL DE VICENTE LOPEZ S.A.C.";07/09/2026;66176;CENT;"URBANO PISO BAJO MOVILIDAD REDUCIDA CON AIRE ACONDICIONADO";ITALBUS;;2020-74551303;;040/20;;;114;9BM382189SB377769;"MERCEDES BENZ";"O 500 U 1826/59";SI;JN:NACIONAL;SI;UC:2026-06-10
AH227AC;849;"SERVICIO COMÚN";2025;25;2033;30546250551;"LA CENTRAL DE VICENTE LOPEZ S.A.C.";22/02/2027;419586;CENT;"URBANO PISO BAJO MOVILIDAD REDUCIDA CON AIRE ACONDICIONADO";ITALBUS;;2021-15550954;;011/21;;;197;8AB368187SA152818;"MERCEDES BENZ";"OH 1721 L-SB/62";SI;JN:NACIONAL;SI;UC:2026-02-27
AH282HL;829;"SERVICIO COMÚN";2025;25;2033;30546250551;"LA CENTRAL DE VICENTE LOPEZ S.A.C.";07/02/2027;262086;CENT;"URBANO PISO BAJO MOVILIDAD REDUCIDA CON AIRE ACONDICIONADO";ITALBUS;;2021-15550954;;011/21;;;197;8AB368187RA152148;"MERCEDES BENZ";"OH 1721 L-SB/62";SI;JN:NACIONAL;SI;UC:2026-02-27
AH282HM;826;"SERVICIO COMÚN";2025;25;2033;30546250551;"LA CENTRAL DE VICENTE LOPEZ S.A.C.";03/03/2027;422080;CENT;"URBANO PISO BAJO MOVILIDAD REDUCIDA CON AIRE ACONDICIONADO";ITALBUS;;2021-15550954;;011/21;;;197;8AB368187RA152147;"MERCEDES BENZ";"OH 1721 L-SB/62";SI;JN:NACIONAL;SI;UC:2026-02-27
AH282HN;813;"SERVICIO COMÚN";2025;25;2033;30546250551;"LA CENTRAL DE VICENTE LOPEZ S.A.C.";07/02/2027;262081;CENT;"URBANO PISO BAJO MOVILIDAD REDUCIDA CON AIRE ACONDICIONADO";ITALBUS;;2021-15550954;;011/21;;;197;8AB368187RA152176;"MERCEDES BENZ";"OH 1721 L-SB/62";SI;JN:NACIONAL;SI;UC:2026-02-27
AH282HO;831;"SERVICIO COMÚN";2025;25;2033;30546250551;"LA CENTRAL DE VICENTE LOPEZ S.A.C.";08/02/2027;262102;CENT;"URBANO PISO BAJO MOVILIDAD REDUCIDA CON AIRE ACONDICIONADO";ITALBUS;;2021-15550954;;011/21;;;197;8AB368187RA152178;"MERCEDES BENZ";"OH 1721 L-SB/62";SI;JN:NACIONAL;SI;UC:2026-02-27
AH282HP;836;"SERVICIO COMÚN";2025;25;2033;30546250551;"LA CENTRAL DE VICENTE LOPEZ S.A.C.";20/02/2027;419479;CENT;"URBANO PISO BAJO MOVILIDAD REDUCIDA CON AIRE ACONDICIONADO";ITALBUS;;2021-15550954;;011/21;;;197;8AB368187RA152137;"MERCEDES BENZ";"OH 1721 L-SB/62";SI;JN:NACIONAL;SI;UC:2026-02-27
AH282HQ;816;"SERVICIO COMÚN";2025;25;2033;30546250551;"LA CENTRAL DE VICENTE LOPEZ S.A.C.";27/02/2027;420293;CENT;"URBANO PISO BAJO MOVILIDAD REDUCIDA CON AIRE ACONDICIONADO";ITALBUS;;2021-15550954;;011/21;;;197;8AB368187RA152177;"MERCEDES BENZ";"OH 1721 L-SB/62";SI;JN:NACIONAL;SI;UC:2026-02-27
AI024IM;132;"SERVICIO COMÚN";2026;29;2033;30546250551;"LA CENTRAL DE VICENTE LOPEZ S.A.C.";13/09/2026;66351;CENT;"URBANO PISO BAJO MOVILIDAD REDUCIDA CON AIRE ACONDICIONADO";ITALBUS;;2020-74551303;;040/20;;;114;9BM382189TB422452;"MERCEDES BENZ";"O 500 U 1826/59";SI;JN:NACIONAL;SI;UC:2036-12-31
AI024IP;137;"SERVICIO COMÚN";2026;29;2033;30546250551;"LA CENTRAL DE VICENTE LOPEZ S.A.C.";13/09/2026;66361;CENT;"URBANO PISO BAJO MOVILIDAD REDUCIDA CON AIRE ACONDICIONADO";ITALBUS;;2020-74551303;;040/20;;;114;9BM382189TB422367;"MERCEDES BENZ";"O 500 U 1826/59";SI;JN:NACIONAL;SI;UC:2036-12-31
AI024IQ;136;"SERVICIO COMÚN";2026;29;2033;30546250551;"LA CENTRAL DE VICENTE LOPEZ S.A.C.";13/09/2026;66358;CENT;"URBANO PISO BAJO MOVILIDAD REDUCIDA CON AIRE ACONDICIONADO";ITALBUS;;2020-74551303;;040/20;;;114;9BM382189TB423317;"MERCEDES BENZ";"O 500 U 1826/59";SI;JN:NACIONAL;SI;UC:2036-12-31
AI024IY;133;"SERVICIO COMÚN";2026;29;2033;30546250551;"LA CENTRAL DE VICENTE LOPEZ S.A.C.";13/09/2026;66352;CENT;"URBANO PISO BAJO MOVILIDAD REDUCIDA CON AIRE ACONDICIONADO";ITALBUS;;2020-74551303;;040/20;;;114;9BM382189TB419955;"MERCEDES BENZ";"O 500 U 1826/59";SI;JN:NACIONAL;SI;UC:2036-12-31
AI024IZ;134;"SERVICIO COMÚN";2026;29;2033;30546250551;"LA CENTRAL DE VICENTE LOPEZ S.A.C.";13/09/2026;66356;CENT;"URBANO PISO BAJO MOVILIDAD REDUCIDA CON AIRE ACONDICIONADO";ITALBUS;;2020-74551303;;040/20;;;114;9BM382189TB420726;"MERCEDES BENZ";"O 500 U 1826/59";SI;JN:NACIONAL;SI;UC:2036-12-31
AI125NB;135;"SERVICIO COMÚN";2026;29;2033;30546250551;"LA CENTRAL DE VICENTE LOPEZ S.A.C.";13/09/2026;66353;CENT;"URBANO PISO BAJO MOVILIDAD REDUCIDA CON AIRE ACONDICIONADO";ITALBUS;;2020-74551303;;040/20;;;114;9BM382189TB419959;"MERCEDES BENZ";"O 500 U 1826/59";SI;JN:NACIONAL;SI;UC:2036-12-31
AI282FO;400;"SERVICIO COMÚN";2026;29;2033;30546250551;"LA CENTRAL DE VICENTE LOPEZ S.A.C.";09/11/2026;118276;CENT;"URBANO PISO BAJO MOVILIDAD REDUCIDA CON AIRE ACONDICIONADO";ITALBUS;;2020-74551303;;040/20;;;148;9BM382189TB423118;"MERCEDES BENZ";"O 500 U 1826/59";SI;JN:NACIONAL;SI;UC:2032-04-21
AI282FR;405;"SERVICIO COMÚN";2026;29;2033;30546250551;"LA CENTRAL DE VICENTE LOPEZ S.A.C.";09/11/2026;118278;CENT;"URBANO PISO BAJO MOVILIDAD REDUCIDA CON AIRE ACONDICIONADO";ITALBUS;;2020-74551303;;040/20;;;148;9BM382189TB423125;"MERCEDES BENZ";"O 500 U 1826/59";SI;JN:NACIONAL;SI;UC:2032-04-21
AI282FT;407;"SERVICIO COMÚN";2026;29;2033;30546250551;"LA CENTRAL DE VICENTE LOPEZ S.A.C.";09/11/2026;118281;CENT;"URBANO PISO BAJO MOVILIDAD REDUCIDA CON AIRE ACONDICIONADO";ITALBUS;;2020-74551303;;040/20;;;148;9BM382189TB419956;"MERCEDES BENZ";"O 500 U 1826/59";SI;JN:NACIONAL;SI;UC:2032-04-21
AI282FU;406;"SERVICIO COMÚN";2026;29;2033;30546250551;"LA CENTRAL DE VICENTE LOPEZ S.A.C.";09/11/2026;118272;CENT;"URBANO PISO BAJO MOVILIDAD REDUCIDA CON AIRE ACONDICIONADO";ITALBUS;;2020-74551303;;040/20;;;148;9BM382189TB417273;"MERCEDES BENZ";"O 500 U 1826/59";SI;JN:NACIONAL;SI;UC:2032-04-21
AI282FV;404;"SERVICIO COMÚN";2026;29;2033;30546250551;"LA CENTRAL DE VICENTE LOPEZ S.A.C.";09/11/2026;118270;CENT;"URBANO PISO BAJO MOVILIDAD REDUCIDA CON AIRE ACONDICIONADO";ITALBUS;;2020-74551303;;040/20;;;148;9BM382189TB420212;"MERCEDES BENZ";"O 500 U 1826/59";SI;JN:NACIONAL;SI;UC:2032-04-21
AI282FW;402;"SERVICIO COMÚN";2026;29;2033;30546250551;"LA CENTRAL DE VICENTE LOPEZ S.A.C.";09/11/2026;118282;CENT;"URBANO PISO BAJO MOVILIDAD REDUCIDA CON AIRE ACONDICIONADO";ITALBUS;;2020-74551303;;040/20;;;148;9BM382189TB420716;"MERCEDES BENZ";"O 500 U 1826/59";SI;JN:NACIONAL;SI;UC:2032-04-21
AI282FX;403;"SERVICIO COMÚN";2026;29;2033;30546250551;"LA CENTRAL DE VICENTE LOPEZ S.A.C.";09/11/2026;118286;CENT;"URBANO PISO BAJO MOVILIDAD REDUCIDA CON AIRE ACONDICIONADO";ITALBUS;;2020-74551303;;040/20;;;148;9BM382189TB422686;"MERCEDES BENZ";"O 500 U 1826/59";SI;JN:NACIONAL;SI;UC:2032-04-21
AI282FY;401;"SERVICIO COMÚN";2026;29;2033;30546250551;"LA CENTRAL DE VICENTE LOPEZ S.A.C.";11/11/2026;118290;CENT;"URBANO PISO BAJO MOVILIDAD REDUCIDA CON AIRE ACONDICIONADO";ITALBUS;;2020-74551303;;040/20;;;148;9BM382189TB420479;"MERCEDES BENZ";"O 500 U 1826/59";SI;JN:NACIONAL;SI;UC:2032-04-21
AI282FZ;409;"SERVICIO COMÚN";2026;29;2033;30546250551;"LA CENTRAL DE VICENTE LOPEZ S.A.C.";09/11/2026;118267;CENT;"URBANO PISO BAJO MOVILIDAD REDUCIDA CON AIRE ACONDICIONADO";ITALBUS;;2020-74551303;;040/20;;;148;9BM382189TB422939;"MERCEDES BENZ";"O 500 U 1826/59";SI;JN:NACIONAL;SI;UC:2032-04-21
AI282GA;408;"SERVICIO COMÚN";2026;29;2033;30546250551;"LA CENTRAL DE VICENTE LOPEZ S.A.C.";09/11/2026;118280;CENT;"URBANO PISO BAJO MOVILIDAD REDUCIDA CON AIRE ACONDICIONADO";ITALBUS;;2020-74551303;;040/20;;;148;9BM382189TB420717;"MERCEDES BENZ";"O 500 U 1826/59";SI;JN:NACIONAL;SI;UC:2032-04-21
AI282GB;412;"SERVICIO COMÚN";2026;29;2033;30546250551;"LA CENTRAL DE VICENTE LOPEZ S.A.C.";09/11/2026;118279;CENT;"URBANO PISO BAJO MOVILIDAD REDUCIDA CON AIRE ACONDICIONADO";ITALBUS;;2020-74551303;;040/20;;;148;9BM382189TB420223;"MERCEDES BENZ";"O 500 U 1826/59";SI;JN:NACIONAL;SI;UC:2032-04-21
AI282GE;411;"SERVICIO COMÚN";2026;29;2033;30546250551;"LA CENTRAL DE VICENTE LOPEZ S.A.C.";09/11/2026;118277;CENT;"URBANO PISO BAJO MOVILIDAD REDUCIDA CON AIRE ACONDICIONADO";ITALBUS;;2020-74551303;;040/20;;;148;9BM382189TB423124;"MERCEDES BENZ";"O 500 U 1826/59";SI;JN:NACIONAL;SI;UC:2032-04-21
AI282GG;410;"SERVICIO COMÚN";2026;29;2033;30546250551;"LA CENTRAL DE VICENTE LOPEZ S.A.C.";09/11/2026;118268;CENT;"URBANO PISO BAJO MOVILIDAD REDUCIDA CON AIRE ACONDICIONADO";ITALBUS;;2020-74551303;;040/20;;;148;9BM382189TB422362;"MERCEDES BENZ";"O 500 U 1826/59";SI;JN:NACIONAL;SI;UC:2032-04-21
AI282GI;417;"SERVICIO COMÚN";2026;29;2033;30546250551;"LA CENTRAL DE VICENTE LOPEZ S.A.C.";09/11/2026;118284;CENT;"URBANO PISO BAJO MOVILIDAD REDUCIDA CON AIRE ACONDICIONADO";ITALBUS;;2020-74551303;;040/20;;;148;9BM382189TB420209;"MERCEDES BENZ";"O 500 U 1826/59";SI;JN:NACIONAL;SI;UC:2032-04-21
AI282GJ;413;"SERVICIO COMÚN";2026;29;2033;30546250551;"LA CENTRAL DE VICENTE LOPEZ S.A.C.";09/11/2026;118275;CENT;"URBANO PISO BAJO MOVILIDAD REDUCIDA CON AIRE ACONDICIONADO";ITALBUS;;2020-74551303;;040/20;;;148;9BM382189TB421444;"MERCEDES BENZ";"O 500 U 1826/59";SI;JN:NACIONAL;SI;UC:2032-04-21
AI282GK;418;"SERVICIO COMÚN";2026;29;2033;30546250551;"LA CENTRAL DE VICENTE LOPEZ S.A.C.";11/11/2026;118304;CENT;"URBANO PISO BAJO MOVILIDAD REDUCIDA CON AIRE ACONDICIONADO";ITALBUS;;2020-74551303;;040/20;;;148;9BM382189TB422698;"MERCEDES BENZ";"O 500 U 1826/59";SI;JN:NACIONAL;SI;UC:2032-04-21
AI282GM;416;"SERVICIO COMÚN";2026;29;2033;30546250551;"LA CENTRAL DE VICENTE LOPEZ S.A.C.";11/11/2026;118306;CENT;"URBANO PISO BAJO MOVILIDAD REDUCIDA CON AIRE ACONDICIONADO";ITALBUS;;2020-74551303;;040/20;;;148;9BM382189TB420210;"MERCEDES BENZ";"O 500 U 1826/59";SI;JN:NACIONAL;SI;UC:2032-04-21
AI282GN;415;"SERVICIO COMÚN";2026;29;2033;30546250551;"LA CENTRAL DE VICENTE LOPEZ S.A.C.";11/11/2026;118312;CENT;"URBANO PISO BAJO MOVILIDAD REDUCIDA CON AIRE ACONDICIONADO";ITALBUS;;2020-74551303;;040/20;;;148;9BM382189TB420968;"MERCEDES BENZ";"O 500 U 1826/59";SI;JN:NACIONAL;SI;UC:2032-04-21
AI282GO;419;"SERVICIO COMÚN";2026;29;2033;30546250551;"LA CENTRAL DE VICENTE LOPEZ S.A.C.";11/11/2026;118305;CENT;"URBANO PISO BAJO MOVILIDAD REDUCIDA CON AIRE ACONDICIONADO";ITALBUS;;2020-74551303;;040/20;;;148;9BM382189TB420216;"MERCEDES BENZ";"O 500 U 1826/59";SI;JN:NACIONAL;SI;UC:2032-04-21
AI282GP;414;"SERVICIO COMÚN";2026;29;2033;30546250551;"LA CENTRAL DE VICENTE LOPEZ S.A.C.";11/11/2026;118314;CENT;"URBANO PISO BAJO MOVILIDAD REDUCIDA CON AIRE ACONDICIONADO";ITALBUS;;2020-74551303;;040/20;;;148;9BM382189TB420967;"MERCEDES BENZ";"O 500 U 1826/59";SI;JN:NACIONAL;SI;UC:2032-04-21
LNU966;821;"SERVICIO COMÚN";2013;35;2033;30546250551;"LA CENTRAL DE VICENTE LOPEZ S.A.C.";02/09/2026;117479;CENT;"URBANO COMÚN CON AIRE";TAT;;27729/2008;;0067/08;"NO APLICA";;197;8CTUPA6L2DMTA1142;PUMA;D.12;SI;JN:NACIONAL;SI;UC:2026-12-31
LNU968;1255;"SERVICIO COMÚN";2013;35;2033;30546250551;"LA CENTRAL DE VICENTE LOPEZ S.A.C.";20/09/2026;119667;CENT;"URBANO COMÚN CON AIRE";TAT;;27729/2008;;0067/08;"NO APLICA";;197;8CTUPA6L2DMTA1141;PUMA;D.12;SI;JN:NACIONAL;SI;UC:2026-12-31
LYG756;302;"SERVICIO COMÚN";2013;21;2033;30546250551;"LA CENTRAL DE VICENTE LOPEZ S.A.C.";22/09/2026;119759;CENT;"URBANO COMÚN";METALPAR;;212025/2010;;1064/10;"NO APLICA";;148;8BBC37X15DM000872;AGRALE;"MT 12.0 LE";SI;JN:NACIONAL;NO;UC:2026-10-17
LYG761;27;"SERVICIO COMÚN";2013;21;2033;30546250551;"LA CENTRAL DE VICENTE LOPEZ S.A.C.";28/09/2026;139240;CENT;"URBANO COMÚN";METALPAR;;212025/2010;;1064/10;"NO APLICA";;197;8BBC37X15DM000871;AGRALE;"MT 12.0 LE";SI;JN:NACIONAL;NO;UC:2026-12-31
LYG762;304;"SERVICIO COMÚN";2013;21;2033;30546250551;"LA CENTRAL DE VICENTE LOPEZ S.A.C.";09/10/2026;254012;CENT;"URBANO COMÚN";METALPAR;;212025/2010;;1064/10;"NO APLICA";;148;8BBC37X15DM000870;AGRALE;"MT 12.0 LE";SI;JN:NACIONAL;NO;UC:2026-10-17
MCF981;316;"SERVICIO COMÚN";2013;25;2033;30546250551;"LA CENTRAL DE VICENTE LOPEZ S.A.C.";25/10/2026;255777;CENT;"URBANO COMÚN";METALPAR;;286511/2010;;1535/10;"NO APLICA";;148;8BBC59B1ADM001253;AGRALE;"MT 15.0 LE";SI;JN:NACIONAL;NO;UC:2026-11-01
MCF983;194;"SERVICIO COMÚN";2013;25;2033;30546250551;"LA CENTRAL DE VICENTE LOPEZ S.A.C.";28/12/2026;379718;CENT;"URBANO COMÚN";METALPAR;;286511/2010;;1535/10;"NO APLICA";;197;8BBC59B1ADM001257;AGRALE;"MT 15.0 LE";SI;JN:NACIONAL;NO;UC:2026-02-27
MCF986;317;"SERVICIO COMÚN";2013;25;2033;30546250551;"LA CENTRAL DE VICENTE LOPEZ S.A.C.";03/11/2026;110282;CENT;"URBANO COMÚN";METALPAR;;286511/2010;;1535/10;"NO APLICA";;148;8BBC59B1ADM001262;AGRALE;"MT 15.0 LE";SI;JN:NACIONAL;NO;UC:2026-11-01
MCG011;310;"SERVICIO COMÚN";2013;25;2033;30546250551;"LA CENTRAL DE VICENTE LOPEZ S.A.C.";12/10/2026;254121;CENT;"URBANO COMÚN";TODOBUS;;123887/2008;;1169/08;"NO APLICA";;148;8BBC59B1ADM001277;AGRALE;"MT 15.0 LE";SI;JN:NACIONAL;NO;UC:2026-10-17
MCG020;312;"SERVICIO COMÚN";2013;25;2033;30546250551;"LA CENTRAL DE VICENTE LOPEZ S.A.C.";23/09/2026;119777;CENT;"URBANO COMÚN";TODOBUS;;123887/2008;;1169/08;"NO APLICA";;148;8BBC59B1ADM001263;AGRALE;"MT 15.0 LE";SI;JN:NACIONAL;NO;UC:2026-10-17
MCG057;311;"SERVICIO COMÚN";2013;25;2033;30546250551;"LA CENTRAL DE VICENTE LOPEZ S.A.C.";20/09/2026;119686;CENT;"URBANO COMÚN";TODOBUS;;123887/2008;;1169/08;"NO APLICA";;148;8BBC59B1ADM001278;AGRALE;"MT 15.0 LE";SI;JN:NACIONAL;NO;UC:2026-10-17
MGL420;425;"SERVICIO COMÚN";2013;29;2033;30546250551;"LA CENTRAL DE VICENTE LOPEZ S.A.C.";17/01/2026;656868;CENT;"URBANO COMÚN";METALPAR;;503913/2009;;2894/09;"NO APLICA";;148;8AB368187DA142044;"MERCEDES BENZ";"OH 1718 L/62";SI;JN:NACIONAL;NO;UC:2026-10-20
MJY776;313;"SERVICIO COMÚN";2013;25;2033;30546250551;"LA CENTRAL DE VICENTE LOPEZ S.A.C.";08/11/2026;110382;CENT;"URBANO COMÚN";TODOBUS;;123887/2008;;1169/08;"NO APLICA";;148;8BBC59B1ADM001294;AGRALE;"MT 15.0 LE";SI;JN:NACIONAL;NO;UC:2026-11-01
MJY780;314;"SERVICIO COMÚN";2013;25;2033;30546250551;"LA CENTRAL DE VICENTE LOPEZ S.A.C.";05/10/2026;253937;CENT;"URBANO COMÚN";TODOBUS;;123887/2008;;1169/08;"NO APLICA";;148;8BBC59B1ADM001298;AGRALE;"MT 15.0 LE";SI;JN:NACIONAL;NO;UC:2026-11-01
MJY781;315;"SERVICIO COMÚN";2013;25;2033;30546250551;"LA CENTRAL DE VICENTE LOPEZ S.A.C.";17/10/2026;255620;CENT;"URBANO COMÚN";TODOBUS;;123887/2008;;1169/08;"NO APLICA";;148;8BBC59B1ADM001296;AGRALE;"MT 15.0 LE";SI;JN:NACIONAL;NO;UC:2026-11-01
MLM156;318;"SERVICIO COMÚN";2013;25;2033;30546250551;"LA CENTRAL DE VICENTE LOPEZ S.A.C.";18/12/2026;322371;CENT;"URBANO COMÚN";METALPAR;;286511/2010;;1535/10;"NO APLICA";;148;8BBC59B1ADM001264;AGRALE;"MT 15.0 LE";SI;JN:NACIONAL;NO;UC:2026-11-01
NIX162;6;"SERVICIO COMÚN";2014;25;2033;30546250551;"LA CENTRAL DE VICENTE LOPEZ S.A.C.";29/10/2026;256277;CENT;"URBANO COMÚN CON AIRE";METALBUS;;198165/2011;;1738/11;"NO APLICA";;143;8AB368187EA143996;"MERCEDES BENZ";"OH 1718 L/62";SI;JN:NACIONAL;SI;UC:2027-12-31
NIX163;15;"SERVICIO COMÚN";2014;25;2033;30546250551;"LA CENTRAL DE VICENTE LOPEZ S.A.C.";10/12/2026;262123;CENT;"URBANO COMÚN CON AIRE";METALBUS;;198165/2011;;1738/11;"NO APLICA";;197;8AB368187EA143999;"MERCEDES BENZ";"OH 1718 L/62";SI;JN:NACIONAL;SI;UC:2027-12-31
NJP880;963;"SERVICIO COMÚN";2013;40;2033;30546250551;"LA CENTRAL DE VICENTE LOPEZ S.A.C.";21/09/2026;119726;CENT;"URBANO  PISO BAJO MOVILIDAD REDUCIDA  ARTICULADO";METALPAR;;319406/2008;;1703/08;;;148;9BM382155CB810075;"MERCEDES BENZ";"O 500 UA";SI;JN:NACIONAL;NO;UC:2026-10-17
NKL990;306;"SERVICIO COMÚN";2014;25;2033;30546250551;"LA CENTRAL DE VICENTE LOPEZ S.A.C.";30/09/2026;122958;CENT;"URBANO COMÚN CON AIRE";METALPAR;;359684/2011;;2611/11;"NO APLICA";;148;8AB368185EA144101;"MERCEDES BENZ";"OH 1618 L-SB/55";SI;JN:NACIONAL;SI;UC:2026-10-17
NMG186;18;"SERVICIO COMÚN";2014;25;2033;30546250551;"LA CENTRAL DE VICENTE LOPEZ S.A.C.";23/10/2026;255750;CENT;"URBANO COMÚN CON AIRE";METALBUS;;198165/2011;;1738/11;"NO APLICA";;197;8AB368187EA144018;"MERCEDES BENZ";"OH 1718 L/62";SI;JN:NACIONAL;SI;UC:2027-12-31
NMG253;303;"SERVICIO COMÚN";2014;25;2033;30546250551;"LA CENTRAL DE VICENTE LOPEZ S.A.C.";14/12/2026;322344;CENT;"URBANO COMÚN CON AIRE";METALBUS;;198165/2011;;1738/11;"NO APLICA";;148;8AB368187EA144472;"MERCEDES BENZ";"OH 1718 L/62";SI;JN:NACIONAL;SI;UC:2026-10-17
NMG254;301;"SERVICIO COMÚN";2014;25;2033;30546250551;"LA CENTRAL DE VICENTE LOPEZ S.A.C.";14/12/2026;419370;CENT;"URBANO COMÚN CON AIRE";METALBUS;;198165/2011;;1738/11;"NO APLICA";;148;8AB368187EA144475;"MERCEDES BENZ";"OH 1718 L/62";SI;JN:NACIONAL;SI;UC:2026-10-17
NOD613;892;"SERVICIO COMÚN";2014;25;2033;30546250551;"LA CENTRAL DE VICENTE LOPEZ S.A.C.";29/09/2026;122934;CENT;"URBANO COMÚN CON AIRE";METALPAR;;359684/2011;;2611/11;"NO APLICA";;197;8AB368185EA144436;"MERCEDES BENZ";"OH 1618 L-SB/55";SI;JN:NACIONAL;SI;UC:2026-02-27
NOD615;893;"SERVICIO COMÚN";2014;25;2033;30546250551;"LA CENTRAL DE VICENTE LOPEZ S.A.C.";03/11/2026;140196;CENT;"URBANO COMÚN CON AIRE";METALPAR;;359684/2011;;2611/11;"NO APLICA";;197;AB368185EA144393;"MERCEDES BENZ";"OH 1618 L-SB/55";SI;JN:NACIONAL;SI;UC:2026-03-01
NOD617;894;"SERVICIO COMÚN";2014;25;2033;30546250551;"LA CENTRAL DE VICENTE LOPEZ S.A.C.";11/12/2026;262165;CENT;"URBANO COMÚN CON AIRE";METALPAR;;359684/2011;;2611/11;"NO APLICA";;197;8AB368185EA144392;"MERCEDES BENZ";"OH 1618 L-SB/55";SI;JN:NACIONAL;SI;UC:2026-02-27
NOD622;307;"SERVICIO COMÚN";2014;25;2033;30546250551;"LA CENTRAL DE VICENTE LOPEZ S.A.C.";08/09/2026;118248;CENT;"URBANO COMÚN CON AIRE";METALPAR;;359684/2011;;2611/11;"NO APLICA";;148;8AB368185EA144441;"MERCEDES BENZ";"OH 1618 L-SB/55";SI;JN:NACIONAL;SI;UC:2026-10-17
NOD623;912;"SERVICIO COMÚN";2014;25;2033;30546250551;"LA CENTRAL DE VICENTE LOPEZ S.A.C.";28/09/2026;122891;CENT;"URBANO COMÚN CON AIRE";METALPAR;;359684/2011;;2611/11;"NO APLICA";;197;AB368185EA144440;"MERCEDES BENZ";"OH 1618 L-SB/55";SI;JN:NACIONAL;SI;UC:2026-03-01
NOD644;321;"SERVICIO COMÚN";2014;25;2033;30546250551;"LA CENTRAL DE VICENTE LOPEZ S.A.C.";15/09/2026;119586;CENT;"URBANO COMÚN CON AIRE";METALPAR;;359684/2011;;2611/11;"NO APLICA";;148;8AB368185EA144334;"MERCEDES BENZ";"OH 1618 L-SB/55";SI;JN:NACIONAL;SI;UC:2026-10-17
NRL182;896;"SERVICIO COMÚN";2014;25;2033;30546250551;"LA CENTRAL DE VICENTE LOPEZ S.A.C.";23/09/2026;119773;CENT;"URBANO COMÚN CON AIRE";METALPAR;;359684/2011;;2611/11;"NO APLICA";;197;8AB368185EA144432;"MERCEDES BENZ";"OH 1618 L-SB/55";SI;JN:NACIONAL;SI;UC:2026-02-27
NRL184;897;"SERVICIO COMÚN";2014;25;2033;30546250551;"LA CENTRAL DE VICENTE LOPEZ S.A.C.";24/12/2026;420210;CENT;"URBANO COMÚN CON AIRE";METALPAR;;359684/2011;;2611/11;"NO APLICA";;197;8AB368185EA144402;"MERCEDES BENZ";"OH 1618 L-SB/55";SI;JN:NACIONAL;SI;UC:2026-03-01
NRL185;898;"SERVICIO COMÚN";2014;25;2033;30546250551;"LA CENTRAL DE VICENTE LOPEZ S.A.C.";10/12/2026;262116;CENT;"URBANO COMÚN CON AIRE";METALPAR;;359684/2011;;2611/11;"NO APLICA";;197;8AB368185EA144403;"MERCEDES BENZ";"OH 1618 L-SB/55";SI;JN:NACIONAL;SI;UC:2026-03-01
NRL190;899;"SERVICIO COMÚN";2014;25;2033;30546250551;"LA CENTRAL DE VICENTE LOPEZ S.A.C.";22/12/2026;420206;CENT;"URBANO COMÚN CON AIRE";METALPAR;;359684/2011;;2611/11;"NO APLICA";;197;8AB368185EA144451;"MERCEDES BENZ";"OH 1618 L-SB/55";SI;JN:NACIONAL;SI;UC:2026-09-09
NRL192;901;"SERVICIO COMÚN";2014;25;2033;30546250551;"LA CENTRAL DE VICENTE LOPEZ S.A.C.";15/09/2026;138910;CENT;"URBANO COMÚN CON AIRE";METALPAR;;359684/2011;;2611/11;"NO APLICA";;197;8AB368185EA144404;"MERCEDES BENZ";"OH 1618 L-SB/55";SI;JN:NACIONAL;SI;UC:2026-03-01
NRL199;900;"SERVICIO COMÚN";2014;25;2033;30546250551;"LA CENTRAL DE VICENTE LOPEZ S.A.C.";21/09/2026;119712;CENT;"URBANO COMÚN CON AIRE";METALPAR;;359684/2011;;2611/11;"NO APLICA";;197;8AB368185EA144490;"MERCEDES BENZ";"OH 1618 L-SB/55";SI;JN:NACIONAL;SI;UC:2026-03-01
NRM281;960;"SERVICIO COMÚN";2014;40;2033;30546250551;"LA CENTRAL DE VICENTE LOPEZ S.A.C.";19/09/2026;139006;CENT;"URBANO  PISO BAJO MOVILIDAD REDUCIDA  ARTICULADO";METALPAR;;319406/2008;;1703/08;;;197;9BM382155DB872921;"MERCEDES BENZ";"O 500 UA";SI;JN:NACIONAL;NO;UC:2026-03-01
NRM282;961;"SERVICIO COMÚN";2014;40;2033;30546250551;"LA CENTRAL DE VICENTE LOPEZ S.A.C.";08/10/2026;253973;CENT;"URBANO  PISO BAJO MOVILIDAD REDUCIDA  ARTICULADO";METALPAR;;319406/2008;;1703/08;;;197;9BM382155CB852863;"MERCEDES BENZ";"O 500 UA";SI;JN:NACIONAL;NO;UC:2026-03-01
NRM283;962;"SERVICIO COMÚN";2014;40;2033;30546250551;"LA CENTRAL DE VICENTE LOPEZ S.A.C.";14/09/2026;138875;CENT;"URBANO  PISO BAJO MOVILIDAD REDUCIDA  ARTICULADO";METALPAR;;319406/2008;;1703/08;;;197;9BM382155DB871258;"MERCEDES BENZ";"O 500 UA";SI;JN:NACIONAL;NO;UC:2026-03-01
NRU581;911;"SERVICIO COMÚN";2014;29;2033;30546250551;"LA CENTRAL DE VICENTE LOPEZ S.A.C.";20/11/2026;259573;CENT;"URBANO PISO BAJO MOVILIDAD REDUCIDA CON AIRE ACONDICIONADO";METALPAR;;434705/2010;;2549/10;;;197;8AB368187EA144146;"MERCEDES BENZ";"OH 1718 L/62";SI;JN:NACIONAL;SI;UC:2026-05-12
NRU582;873;"SERVICIO COMÚN";2014;29;2033;30546250551;"LA CENTRAL DE VICENTE LOPEZ S.A.C.";27/09/2026;139206;CENT;"URBANO PISO BAJO MOVILIDAD REDUCIDA CON AIRE ACONDICIONADO";METALPAR;;434705/2010;;2549/10;;;197;8AB368187EA144127;"MERCEDES BENZ";"OH 1718 L/62";SI;JN:NACIONAL;SI;UC:2026-03-01
NRU583;882;"SERVICIO COMÚN";2014;29;2033;30546250551;"LA CENTRAL DE VICENTE LOPEZ S.A.C.";14/09/2026;119557;CENT;"URBANO PISO BAJO MOVILIDAD REDUCIDA CON AIRE ACONDICIONADO";METALPAR;;434705/2010;;2549/10;;;143;8AB368187EA144134;"MERCEDES BENZ";"OH 1718 L/62";SI;JN:NACIONAL;SI;UC:2018-09-09
NRU584;319;"SERVICIO COMÚN";2014;29;2033;30546250551;"LA CENTRAL DE VICENTE LOPEZ S.A.C.";11/11/2026;110416;CENT;"URBANO PISO BAJO MOVILIDAD REDUCIDA CON AIRE ACONDICIONADO";METALPAR;;434705/2010;;2549/10;;;148;8AB368187EA144135;"MERCEDES BENZ";"OH 1718 L/62";SI;JN:NACIONAL;SI;UC:2026-10-17
NRU585;100;"SERVICIO COMÚN";2014;29;2033;30546250551;"LA CENTRAL DE VICENTE LOPEZ S.A.C.";18/09/2026;119629;CENT;"URBANO PISO BAJO MOVILIDAD REDUCIDA CON AIRE ACONDICIONADO";METALPAR;;434705/2010;;2549/10;;;143;8AB368187EA144010;"MERCEDES BENZ";"OH 1718 L/62";SI;JN:NACIONAL;SI;UC:2026-02-27
NRU590;817;"SERVICIO COMÚN";2014;29;2033;30546250551;"LA CENTRAL DE VICENTE LOPEZ S.A.C.";23/09/2026;119776;CENT;"URBANO PISO BAJO MOVILIDAD REDUCIDA CON AIRE ACONDICIONADO";METALPAR;;434705/2010;;2549/10;;;197;8AB368187EA144145;"MERCEDES BENZ";"OH 1718 L/62";SI;JN:NACIONAL;SI;UC:2026-03-01
NRU591;875;"SERVICIO COMÚN";2014;29;2033;30546250551;"LA CENTRAL DE VICENTE LOPEZ S.A.C.";26/09/2026;122853;CENT;"URBANO PISO BAJO MOVILIDAD REDUCIDA CON AIRE ACONDICIONADO";METALPAR;;434705/2010;;2549/10;;;197;8AB368187EA144119;"MERCEDES BENZ";"OH 1718 L/62";SI;JN:NACIONAL;SI;UC:2026-03-01
NRU592;320;"SERVICIO COMÚN";2014;29;2033;30546250551;"LA CENTRAL DE VICENTE LOPEZ S.A.C.";03/10/2026;253054;CENT;"URBANO PISO BAJO MOVILIDAD REDUCIDA CON AIRE ACONDICIONADO";METALPAR;;434705/2010;;2549/10;;;148;8AB368187EA144122;"MERCEDES BENZ";"OH 1718 L/62";SI;JN:NACIONAL;SI;UC:2026-10-17
NRU594;880;"SERVICIO COMÚN";2014;29;2033;30546250551;"LA CENTRAL DE VICENTE LOPEZ S.A.C.";28/12/2026;420339;CENT;"URBANO PISO BAJO MOVILIDAD REDUCIDA CON AIRE ACONDICIONADO";METALPAR;;434705/2010;;2549/10;;;197;8AB368187EA144141;"MERCEDES BENZ";"OH 1718 L/62";SI;JN:NACIONAL;SI;UC:2026-03-01
NUB497;886;"SERVICIO COMÚN";2014;29;2033;30546250551;"LA CENTRAL DE VICENTE LOPEZ S.A.C.";26/09/2026;139157;CENT;"URBANO PISO BAJO MOVILIDAD REDUCIDA CON AIRE ACONDICIONADO";METALPAR;;434705/2010;;2549/10;;;197;8AB368187EA144139;"MERCEDES BENZ";"OH 1718 L/62";SI;JN:NACIONAL;SI;UC:2026-03-01
NUB500;839;"SERVICIO COMÚN";2014;29;2033;30546250551;"LA CENTRAL DE VICENTE LOPEZ S.A.C.";21/12/2026;419553;CENT;"URBANO PISO BAJO MOVILIDAD REDUCIDA CON AIRE ACONDICIONADO";METALPAR;;434705/2010;;2549/10;;;197;8AB368187EA144137;"MERCEDES BENZ";"OH 1718 L/62";SI;JN:NACIONAL;SI;UC:2026-03-01
NUB501;871;"SERVICIO COMÚN";2014;29;2033;30546250551;"LA CENTRAL DE VICENTE LOPEZ S.A.C.";22/09/2026;119736;CENT;"URBANO PISO BAJO MOVILIDAD REDUCIDA CON AIRE ACONDICIONADO";METALPAR;;434705/2010;;2549/10;;;197;8AB368187EA144140;"MERCEDES BENZ";"OH 1718 L/62";SI;JN:NACIONAL;SI;UC:2026-03-01
NUB505;864;"SERVICIO COMÚN";2014;29;2033;30546250551;"LA CENTRAL DE VICENTE LOPEZ S.A.C.";11/11/2026;259394;CENT;"URBANO PISO BAJO MOVILIDAD REDUCIDA CON AIRE ACONDICIONADO";METALPAR;;434705/2010;;2549/10;;;197;8AB368187EA144144;"MERCEDES BENZ";"OH 1718 L/62";SI;JN:NACIONAL;SI;UC:2026-03-01
NUB587;824;"SERVICIO COMÚN";2014;29;2033;30546250551;"LA CENTRAL DE VICENTE LOPEZ S.A.C.";10/10/2026;254036;CENT;"URBANO PISO BAJO MOVILIDAD REDUCIDA CON AIRE ACONDICIONADO";METALPAR;;434705/2010;;2549/10;;;197;8AB368187EA144138;"MERCEDES BENZ";"OH 1718 L/62";SI;JN:NACIONAL;SI;UC:2026-03-01
NUB588;862;"SERVICIO COMÚN";2014;29;2033;30546250551;"LA CENTRAL DE VICENTE LOPEZ S.A.C.";27/09/2026;139218;CENT;"URBANO PISO BAJO MOVILIDAD REDUCIDA CON AIRE ACONDICIONADO";METALPAR;;434705/2010;;2549/10;;;197;8AB368187EA144150;"MERCEDES BENZ";"OH 1718 L/62";SI;JN:NACIONAL;SI;UC:2026-03-01
NVX790;815;"SERVICIO COMÚN";2014;29;2033;30546250551;"LA CENTRAL DE VICENTE LOPEZ S.A.C.";26/10/2026;255820;CENT;"URBANO PISO BAJO MOVILIDAD REDUCIDA CON AIRE ACONDICIONADO";METALPAR;;434705/2010;;2549/10;;;197;8AB368187DA143718;"MERCEDES BENZ";"OH 1718 L/62";SI;JN:NACIONAL;SI;UC:2026-05-14
NVX791;858;"SERVICIO COMÚN";2014;29;2033;30546250551;"LA CENTRAL DE VICENTE LOPEZ S.A.C.";22/09/2026;119761;CENT;"URBANO PISO BAJO MOVILIDAD REDUCIDA CON AIRE ACONDICIONADO";METALPAR;;434705/2010;;2549/10;;;197;8AB368187EA144152;"MERCEDES BENZ";"OH 1718 L/62";SI;JN:NACIONAL;SI;UC:2026-03-01
NVX793;848;"SERVICIO COMÚN";2014;29;2033;30546250551;"LA CENTRAL DE VICENTE LOPEZ S.A.C.";26/09/2026;139158;CENT;"URBANO PISO BAJO MOVILIDAD REDUCIDA CON AIRE ACONDICIONADO";METALPAR;;434705/2010;;2549/10;;;197;8AB368187EA144014;"MERCEDES BENZ";"OH 1718 L/62";SI;JN:NACIONAL;SI;UC:2026-03-01
NVX794;834;"SERVICIO COMÚN";2014;29;2033;30546250551;"LA CENTRAL DE VICENTE LOPEZ S.A.C.";21/12/2026;419567;CENT;"URBANO PISO BAJO MOVILIDAD REDUCIDA CON AIRE ACONDICIONADO";METALPAR;;434705/2010;;2549/10;;;197;8AB368187EA144149;"MERCEDES BENZ";"OH 1718 L/62";SI;JN:NACIONAL;SI;UC:2026-02-28
NVX795;809;"SERVICIO COMÚN";2014;29;2033;30546250551;"LA CENTRAL DE VICENTE LOPEZ S.A.C.";03/10/2026;253048;CENT;"URBANO PISO BAJO MOVILIDAD REDUCIDA CON AIRE ACONDICIONADO";METALPAR;;434705/2010;;2549/10;;;197;8AB368187EA144125;"MERCEDES BENZ";"OH 1718 L/62";SI;JN:NACIONAL;SI;UC:2026-02-28
OCU448;305;"SERVICIO COMÚN";2014;28;2033;30546250551;"LA CENTRAL DE VICENTE LOPEZ S.A.C.";08/09/2026;118256;CENT;"URBANO COMÚN CON AIRE";METALBUS;;263490/2012;;2228/12;"NO APLICA";;148;9BM382189EB910331;"MERCEDES BENZ";"O 500 U 1723";SI;JN:NACIONAL;SI;UC:2026-10-17
OJG650;974;"SERVICIO COMÚN MEDIA DISTANCIA x AUTOPISTA";2013;49;2033;30546250551;"LA CENTRAL DE VICENTE LOPEZ S.A.C.";10/12/2026;262111;CENT;"MEDIA DISTANCIA AUTOPISTA DIFERENCIAL";METALPAR;;319406/2008;2022-128155269;2023-21309132;;;129;9BM382155CB822997;"MERCEDES BENZ";"O 500 UA 2836";SI;JN:NACIONAL;SI;AC:2026-06-12
OKD199;747;"SERVICIO COMÚN MEDIA DISTANCIA x AUTOPISTA";2014;45;2033;30546250551;"LA CENTRAL DE VICENTE LOPEZ S.A.C.";06/11/2026;140273;CENT;"INTERURBANO COMÚN CON AIRE ACONDICIONADO";COMIL;;186338/2011;;1991/11;CONTINENTAL;9008716;129;9BVT2T324EE383676;VOLVO;"B 380 R 4X2";NO;JN:NACIONAL;SI;AC:2024-10-05
OLB658;746;"SERVICIO COMÚN MEDIA DISTANCIA x AUTOPISTA";2014;45;2033;30546250551;"LA CENTRAL DE VICENTE LOPEZ S.A.C.";02/11/2026;140167;CENT;"INTERURBANO COMÚN CON AIRE ACONDICIONADO";COMIL;;186338/2011;;1991/11;;;129;9BVT2T322EE383675;VOLVO;"B 380 R 4X2";NO;JN:NACIONAL;SI;AC:2018-07-09
OUB873;308;"SERVICIO COMÚN";2015;25;2033;30546250551;"LA CENTRAL DE VICENTE LOPEZ S.A.C.";08/10/2026;253992;CENT;"URBANO COMÚN CON AIRE";METALBUS;;5254/2014;;0016/14;"NO APLICA";;148;8AB368185GA145218;"MERCEDES BENZ";"OH 1618 L-SB/55";SI;JN:NACIONAL;SI;UC:2026-10-17
OUB874;820;"SERVICIO COMÚN";2015;25;2033;30546250551;"LA CENTRAL DE VICENTE LOPEZ S.A.C.";04/10/2026;253073;CENT;"URBANO COMÚN CON AIRE";METALBUS;;5254/2014;;0016/14;"NO APLICA";;197;8AB368185GA145216;"MERCEDES BENZ";"OH 1618 L-SB/55";SI;JN:NACIONAL;SI;UC:2026-02-28
OUB875;63;"SERVICIO COMÚN";2015;25;2033;30546250551;"LA CENTRAL DE VICENTE LOPEZ S.A.C.";08/12/2026;262100;CENT;"URBANO COMÚN CON AIRE";METALBUS;;5254/2014;;0016/14;"NO APLICA";;143;8AB368185GA145217;"MERCEDES BENZ";"OH 1618 L-SB/55";SI;JN:NACIONAL;SI;UC:2023-10-11
OUB876;58;"SERVICIO COMÚN";2015;25;2033;30546250551;"LA CENTRAL DE VICENTE LOPEZ S.A.C.";04/10/2026;122696;CENT;"URBANO COMÚN CON AIRE";METALBUS;;5254/2014;;0016/14;VIGIA;S/N;143;8AB368185FA145203;"MERCEDES BENZ";"OH 1618 L-SB/55";SI;JN:NACIONAL;SI;UC:2026-07-06
OUB877;309;"SERVICIO COMÚN";2015;25;2033;30546250551;"LA CENTRAL DE VICENTE LOPEZ S.A.C.";25/10/2026;255783;CENT;"URBANO COMÚN CON AIRE";METALBUS;;5254/2014;;0016/14;"NO APLICA";;148;8AB368185FA145199;"MERCEDES BENZ";"OH 1618 L-SB/55";SI;JN:NACIONAL;SI;UC:2026-10-17
OUQ334;21;"SERVICIO COMÚN";2016;25;2033;30546250551;"LA CENTRAL DE VICENTE LOPEZ S.A.C.";19/11/2026;119642;CENT;"URBANO COMÚN CON AIRE";METALBUS;;5254/2014;;0016/14;"NO APLICA";;197;8AB368185GA145285;"MERCEDES BENZ";"OH 1618 L-SB/55";SI;JN:NACIONAL;SI;UC:2026-12-31
OXK885;156;"SERVICIO COMÚN";2015;25;2033;30546250551;"LA CENTRAL DE VICENTE LOPEZ S.A.C.";29/12/2026;420378;CENT;"URBANO COMÚN CON AIRE";METALBUS;;5254/2014;;0016/14;"NO APLICA";;143;8AB368185GA145244;"MERCEDES BENZ";"OH 1618 L-SB/55";SI;JN:NACIONAL;SI;UC:2025-04-07
OXK886;59;"SERVICIO COMÚN";2015;25;2033;30546250551;"LA CENTRAL DE VICENTE LOPEZ S.A.C.";05/10/2026;253921;CENT;"URBANO COMÚN CON AIRE";METALBUS;;5254/2014;;0016/14;"NO APLICA";;143;8AB368185GA145284;"MERCEDES BENZ";"OH 1618 L-SB/55";SI;JN:NACIONAL;SI;UC:2026-06-05
OXK887;157;"SERVICIO COMÚN";2016;25;2033;30546250551;"LA CENTRAL DE VICENTE LOPEZ S.A.C.";29/12/2026;420377;CENT;"URBANO COMÚN CON AIRE";METALBUS;;5254/2014;;0016/14;"NO APLICA";;114;8AB368185GA145246;"MERCEDES BENZ";"OH 1618 L-SB/55";SI;JN:NACIONAL;SI;UC:2025-04-07
OXK888;64;"SERVICIO COMÚN";2015;25;2033;30546250551;"LA CENTRAL DE VICENTE LOPEZ S.A.C.";05/10/2026;253941;CENT;"URBANO COMÚN CON AIRE";METALBUS;;5254/2014;;0016/14;"NO APLICA";;197;8AB368185GA145247;"MERCEDES BENZ";"OH 1618 L-SB/55";SI;JN:NACIONAL;SI;UC:2026-02-28
OXK889;65;"SERVICIO COMÚN";2015;25;2033;30546250551;"LA CENTRAL DE VICENTE LOPEZ S.A.C.";27/09/2026;139223;CENT;"URBANO COMÚN CON AIRE";METALBUS;;5254/2014;;0016/14;"NO APLICA";;197;8AB368185FA145180;"MERCEDES BENZ";"OH 1618 L-SB/55";SI;JN:NACIONAL;SI;UC:2026-02-28
OZP188;9;"SERVICIO COMÚN";2016;25;2033;30546250551;"LA CENTRAL DE VICENTE LOPEZ S.A.C.";30/10/2026;140097;CENT;"URBANO COMÚN CON AIRE";METALBUS;;198165/2011;;1738/11;"NO APLICA";;143;8AB368185GA145273;"MERCEDES BENZ";"OH 1618 L-SB/55";SI;JN:NACIONAL;SI;UC:2026-12-31
OZP189;5;"SERVICIO COMÚN";2016;25;2033;30546250551;"LA CENTRAL DE VICENTE LOPEZ S.A.C.";18/11/2026;119625;CENT;"URBANO COMÚN CON AIRE";METALBUS;;198165/2011;;1738/11;"NO APLICA";;197;8AB368185GA145374;"MERCEDES BENZ";"OH 1618 L-SB/55";SI;JN:NACIONAL;SI;UC:2026-12-31
OZP192;1;"SERVICIO COMÚN";2015;25;2033;30546250551;"LA CENTRAL DE VICENTE LOPEZ S.A.C.";27/10/2026;256256;CENT;"URBANO COMÚN CON AIRE";METALBUS;;198165/2011;;1738/11;"NO APLICA";;143;8AB368185GA145356;"MERCEDES BENZ";"OH 1618 L-SB/55";SI;JN:NACIONAL;SI;UC:2028-12-31
OZP247;14;"SERVICIO COMÚN";2016;25;2033;30546250551;"LA CENTRAL DE VICENTE LOPEZ S.A.C.";18/10/2026;255631;CENT;"URBANO COMÚN CON AIRE";METALBUS;;198165/2011;;1738/11;"NO APLICA";;197;8AB368187GA145482;"MERCEDES BENZ";"OH 1718 L/62";SI;JN:NACIONAL;SI;UC:2026-12-31
OZP248;2;"SERVICIO COMÚN";2016;25;2033;30546250551;"LA CENTRAL DE VICENTE LOPEZ S.A.C.";19/11/2026;119653;CENT;"URBANO COMÚN CON AIRE";METALBUS;;198165/2011;;1738/11;"NO APLICA";;197;8AB368187GA145475;"MERCEDES BENZ";"OH 1718 L/62";SI;JN:NACIONAL;SI;UC:2026-12-31
PBU956;28;"SERVICIO COMÚN";2016;25;2033;30546250551;"LA CENTRAL DE VICENTE LOPEZ S.A.C.";27/09/2026;139205;CENT;"URBANO COMÚN CON AIRE";METALBUS;;198165/2011;;1738/11;"NO APLICA";;197;8AB368187GA145483;"MERCEDES BENZ";"OH 1718 L/62";SI;JN:NACIONAL;SI;UC:2026-12-31
PBU961;3;"SERVICIO COMÚN";2016;25;2033;30546250551;"LA CENTRAL DE VICENTE LOPEZ S.A.C.";20/11/2026;119680;CENT;"URBANO COMÚN CON AIRE";METALBUS;;198165/2011;;1738/11;"NO APLICA";;197;8AB368187GA145484;"MERCEDES BENZ";"OH 1718 L/62";SI;JN:NACIONAL;SI;UC:2026-12-31
PDO851;7;"SERVICIO COMÚN";2016;25;2033;30546250551;"LA CENTRAL DE VICENTE LOPEZ S.A.C.";22/11/2026;259598;CENT;"URBANO COMÚN CON AIRE";METALBUS;;198165/2011;;1738/11;"NO APLICA";;197;8AB368187GA145608;"MERCEDES BENZ";"OH 1718 L/62";SI;JN:NACIONAL;SI;UC:2026-12-31
PFB101;179;"SERVICIO COMÚN";2015;35;2033;30546250551;"LA CENTRAL DE VICENTE LOPEZ S.A.C.";27/10/2026;255842;CENT;"URBANO PISO BAJO MOVILIDAD REDUCIDA CON AIRE ACONDICIONADO";ITALBUS;;327350/2010;;1879/10;;;143;8AB368187GS145588;"MERCEDES BENZ";"OH 1718 L/62";SI;JN:NACIONAL;SI;UC:2028-12-31
PFB103;178;"SERVICIO COMÚN";2015;35;2033;30546250551;"LA CENTRAL DE VICENTE LOPEZ S.A.C.";08/11/2026;259316;CENT;"URBANO PISO BAJO MOVILIDAD REDUCIDA CON AIRE ACONDICIONADO";ITALBUS;;327350/2010;;1879/10;;;197;8AB368187GA145587;"MERCEDES BENZ";"OH 1718 L/62";SI;JN:NACIONAL;SI;UC:2026-02-28
PMJ021;79;"SERVICIO COMÚN";2016;28;2033;30546250551;"LA CENTRAL DE VICENTE LOPEZ S.A.C.";21/11/2026;119703;CENT;"URBANO COMÚN CON AIRE";"BAM BAM";;39649/2012;;0009/13;;;197;9BM382189FB007459;"MERCEDES BENZ";"O 500 U 1723";SI;JN:NACIONAL;SI;UC:2026-02-27
PMW747;395;"SERVICIO COMÚN";2016;25;2033;30546250551;"LA CENTRAL DE VICENTE LOPEZ S.A.C.";24/01/2026;483497;CENT;"URBANO COMÚN CON AIRE";METALPAR;;63469/2014;;069/14;;;148;9BM382189GB017708;"MERCEDES BENZ";"O 500 U 1723";SI;JN:NACIONAL;SI;UC:2026-10-17
PMW748;396;"SERVICIO COMÚN";2016;25;2033;30546250551;"LA CENTRAL DE VICENTE LOPEZ S.A.C.";24/03/2026;657044;CENT;"URBANO COMÚN CON AIRE";METALPAR;;63469/2014;;069/14;;;148;9BM382189GB020232;"MERCEDES BENZ";"O 500 U 1723";SI;JN:NACIONAL;SI;UC:2026-10-17
PMW749;397;"SERVICIO COMÚN";2016;25;2033;30546250551;"LA CENTRAL DE VICENTE LOPEZ S.A.C.";15/07/2026;911076;CENT;"URBANO COMÚN CON AIRE";METALPAR;;63469/2014;;069/14;;;148;9BM382189GB019722;"MERCEDES BENZ";"O 500 U 1723";SI;JN:NACIONAL;SI;UC:2026-10-17
PMW750;398;"SERVICIO COMÚN";2016;25;2033;30546250551;"LA CENTRAL DE VICENTE LOPEZ S.A.C.";30/01/2027;321978;CENT;"URBANO COMÚN CON AIRE";METALPAR;;63469/2014;;069/14;;;148;9BM382189GB019673;"MERCEDES BENZ";"O 500 U 1723";SI;JN:NACIONAL;SI;UC:2026-10-17
PMW751;399;"SERVICIO COMÚN";2016;25;2033;30546250551;"LA CENTRAL DE VICENTE LOPEZ S.A.C.";27/02/2026;495087;CENT;"URBANO COMÚN CON AIRE";METALPAR;;63469/2014;;069/14;;;148;9BM382189GB009483;"MERCEDES BENZ";"O 500 U 1723";SI;JN:NACIONAL;SI;UC:2026-10-17
PNN485;77;"SERVICIO COMÚN";2016;28;2033;30546250551;"LA CENTRAL DE VICENTE LOPEZ S.A.C.";26/11/2026;119785;CENT;"URBANO COMÚN CON AIRE";"BAM BAM";;39649/2012;;0009/13;;;197;9BM382189FB007452;"MERCEDES BENZ";"O 500 U 1723";SI;JN:NACIONAL;SI;UC:2026-02-27
PNX533;322;"SERVICIO COMÚN";2016;27;2033;30546250551;"LA CENTRAL DE VICENTE LOPEZ S.A.C.";05/11/2026;118150;CENT;"URBANO PISO BAJO MOVILIDAD REDUCIDA CON AIRE ACONDICIONADO";METALPAR;;434705/2010;;2549/10;;;148;8AB368187GA14720;"MERCEDES BENZ";"OH 1718 L/62";SI;JN:NACIONAL;SI;UC:2026-10-28
POY180;78;"SERVICIO COMÚN";2016;28;2033;30546250551;"LA CENTRAL DE VICENTE LOPEZ S.A.C.";28/11/2026;122895;CENT;"URBANO COMÚN CON AIRE";"BAM BAM";;39649/2012;;0009/13;;;197;9BM382189FB007341;"MERCEDES BENZ";"O 500 U 1723";SI;JN:NACIONAL;SI;UC:2026-02-27
PPG234;323;"SERVICIO COMÚN";2016;25;2033;30546250551;"LA CENTRAL DE VICENTE LOPEZ S.A.C.";06/11/2026;118172;CENT;"URBANO PISO BAJO MOVILIDAD REDUCIDA CON AIRE ACONDICIONADO";ITALBUS;;50239/2016;;0048/16;;;148;8AB368187GA145692;"MERCEDES BENZ";"OH 1721 L-SB/62";SI;JN:NACIONAL;SI;UC:2026-10-28
PPG235;388;"SERVICIO COMÚN";2016;25;2033;30546250551;"LA CENTRAL DE VICENTE LOPEZ S.A.C.";05/11/2026;118148;CENT;"URBANO PISO BAJO MOVILIDAD REDUCIDA CON AIRE ACONDICIONADO";ITALBUS;;50239/2016;;0048/16;;;148;8AB368187GA145610;"MERCEDES BENZ";"OH 1719 L-SB/62";SI;JN:NACIONAL;SI;UC:2026-11-05
