dominio;interno;servicios;anioModelo;cantAsientos;empresaNro;cuit;razonSocial;vigenciaHastaInspeccionTecnica;tecnicaNro;tipoTecnica;categoriaAprob;CarroceriaMarca;CarroceriaModelo;expOrig;expModif;disposicion;tacografoMarca;tacografoNro;linea;chasisNro;chasisMarca;chasisModelo;accesibilidad;jurisdiccion;aireAcondicionado;vigenciaHasta
AB126BE;;"OFERTA LIBRE - EVENTO UNICO, INTERJURISDICCIONAL - EVENTO UNICO, OFERTA LIBRE - PERIODICO";2017;29;2077;30546500086;"LA NUEVA METROPOL S.A.T.A.C.I.";13/10/2026;114417;CENT;"URBANO PISO BAJO MOVILIDAD REDUCIDA CON AIRE ACONDICIONADO";METALPAR;;50229/2016;;0044/16;"SEVA DT-1050";3719340690;"2077IE, 2077OE, 2077OP1, 2077OP11, 2077OP12, 2077OP13, 2077OP14, 2077OP15, 2077OP16, 2077OP17, 2077OP2, 2077OP23, 2077OP26, 2077OP27, 2077OP28, 2077OP29, 2077OP3, 2077OP30, 2077OP31, 2077OP32, 2077OP4";8AB368187GA146181;"MERCEDES BENZ";"OH 1721 L-SB/62";SI;JN:NACIONAL;SI;"OLEU:2027-09-05, IE:2027-09-05, OLP:2027-12-31"
AB126BG;;"OFERTA LIBRE - EVENTO UNICO, INTERJURISDICCIONAL - EVENTO UNICO, OFERTA LIBRE - PERIODICO";2017;29;2077;30546500086;"LA NUEVA METROPOL S.A.T.A.C.I.";15/02/2027;419394;CENT;"URBANO PISO BAJO MOVILIDAD REDUCIDA CON AIRE ACONDICIONADO";METALPAR;;50229/2016;;0044/16;"SEVA DT-1050";3719340896;"2077IE, 2077OE, 2077OP1, 2077OP11, 2077OP12, 2077OP13, 2077OP14, 2077OP15, 2077OP16, 2077OP17, 2077OP2, 2077OP23, 2077OP26, 2077OP27, 2077OP28, 2077OP29, 2077OP3, 2077OP30, 2077OP31, 2077OP32, 2077OP4";8AB368187GA146179;"MERCEDES BENZ";"OH 1721 L-SB/62";SI;JN:NACIONAL;SI;"OLEU:2027-09-05, IE:2027-09-05, OLP:2027-12-31"
AB126CZ;;"OFERTA LIBRE - EVENTO UNICO, INTERJURISDICCIONAL - EVENTO UNICO, OFERTA LIBRE - PERIODICO";2017;29;2077;30546500086;"LA NUEVA METROPOL S.A.T.A.C.I.";21/01/2027;259591;CENT;"URBANO PISO BAJO MOVILIDAD REDUCIDA CON AIRE ACONDICIONADO";METALPAR;;50229/2016;;0044/16;"SEVA DT-1050";3719340689;"2077IE, 2077OE, 2077OP1, 2077OP11, 2077OP12, 2077OP13, 2077OP14, 2077OP15, 2077OP16, 2077OP17, 2077OP2, 2077OP23, 2077OP26, 2077OP27, 2077OP28, 2077OP29, 2077OP3, 2077OP30, 2077OP31, 2077OP32, 2077OP4";8AB368187GA146184;"MERCEDES BENZ";"OH 1721 L-SB/62";SI;JN:NACIONAL;SI;"OLEU:2027-09-05, IE:2027-09-05, OLP:2027-12-31"
AB562PJ;179;"OFERTA LIBRE - EVENTO UNICO, INTERJURISDICCIONAL - EVENTO UNICO, SERVICIO COMÚN MEDIA DISTANCIA x AUTOPISTA, OFERTA LIBRE - PERIODICO";2017;45;2077;30546500086;"LA NUEVA METROPOL S.A.T.A.C.I.";12/02/2027;419312;CENT;"MEDIA DISTANCIA AUTOPISTA DIFERENCIAL";METALPAR;;36130/2017;;0064/17;"SEVA DT-1050";3718267592;"195, 2077IE, 2077OE, 2077OP1, 2077OP11, 2077OP12, 2077OP13, 2077OP14, 2077OP15, 2077OP16, 2077OP17, 2077OP2, 2077OP23, 2077OP26, 2077OP27, 2077OP28, 2077OP29, 2077OP3, 2077OP30, 2077OP31, 2077OP32, 2077OP4";9BM382189HB044601;"MERCEDES BENZ";"O 500 U 1826/59";NO;JN:NACIONAL;SI;"OLEU:2027-09-05, IE:2027-09-05, AC:2027-12-31, OLP:2027-12-31"
AB562PK;146;"OFERTA LIBRE - EVENTO UNICO, INTERJURISDICCIONAL - EVENTO UNICO, SERVICIO COMÚN MEDIA DISTANCIA x AUTOPISTA, OFERTA LIBRE - PERIODICO";2017;45;2077;30546500086;"LA NUEVA METROPOL S.A.T.A.C.I.";06/11/2026;118175;CENT;"MEDIA DISTANCIA AUTOPISTA DIFERENCIAL";METALPAR;;36130/2017;;0064/17;"SEVA DT-1050";3719340692;"194, 2077IE, 2077OE, 2077OP1, 2077OP11, 2077OP12, 2077OP13, 2077OP14, 2077OP15, 2077OP16, 2077OP17, 2077OP2, 2077OP23, 2077OP26, 2077OP27, 2077OP28, 2077OP29, 2077OP3, 2077OP30, 2077OP31, 2077OP32, 2077OP4";9BM382189HB044058;"MERCEDES BENZ";"O 500 U 1826/59";NO;JN:NACIONAL;SI;"OLEU:2027-09-05, IE:2027-09-05, AC:2027-12-31, OLP:2027-12-31"
AB562PL;163;"OFERTA LIBRE - EVENTO UNICO, INTERJURISDICCIONAL - EVENTO UNICO, SERVICIO COMÚN MEDIA DISTANCIA x AUTOPISTA, OFERTA LIBRE - PERIODICO";2017;45;2077;30546500086;"LA NUEVA METROPOL S.A.T.A.C.I.";07/11/2026;118207;CENT;"MEDIA DISTANCIA AUTOPISTA DIFERENCIAL";METALPAR;;36130/2017;;0064/17;"SEVA DT-1050";3719340842;"195, 2077IE, 2077OE, 2077OP1, 2077OP11, 2077OP12, 2077OP13, 2077OP14, 2077OP15, 2077OP16, 2077OP17, 2077OP2, 2077OP23, 2077OP26, 2077OP27, 2077OP28, 2077OP29, 2077OP3, 2077OP30, 2077OP31, 2077OP32, 2077OP4";9BM382189HB044740;"MERCEDES BENZ";"O 500 U 1826/59";NO;JN:NACIONAL;SI;"OLEU:2027-09-05, IE:2027-09-05, AC:2027-12-31, OLP:2027-12-31"
AB562PM;154;"OFERTA LIBRE - EVENTO UNICO, INTERJURISDICCIONAL - EVENTO UNICO, SERVICIO COMÚN MEDIA DISTANCIA x AUTOPISTA, OFERTA LIBRE - PERIODICO";2017;45;2077;30546500086;"LA NUEVA METROPOL S.A.T.A.C.I.";08/12/2026;253974;CENT;"MEDIA DISTANCIA AUTOPISTA DIFERENCIAL";METALPAR;;36130/2017;;0064/17;"SEVA DT-1050";3718267846;"194, 2077IE, 2077OE, 2077OP1, 2077OP11, 2077OP12, 2077OP13, 2077OP14, 2077OP15, 2077OP16, 2077OP17, 2077OP2, 2077OP23, 2077OP26, 2077OP27, 2077OP28, 2077OP29, 2077OP3, 2077OP30, 2077OP31, 2077OP32, 2077OP4";9BM382189HB044736;"MERCEDES BENZ";"O 500 U 1826/59";NO;JN:NACIONAL;SI;"OLEU:2027-09-05, IE:2027-09-05, AC:2027-12-31, OLP:2027-12-31"
AB562PN;181;"OFERTA LIBRE - EVENTO UNICO, INTERJURISDICCIONAL - EVENTO UNICO, SERVICIO COMÚN MEDIA DISTANCIA x AUTOPISTA, OFERTA LIBRE - PERIODICO";2017;45;2077;30546500086;"LA NUEVA METROPOL S.A.T.A.C.I.";04/03/2027;422129;CENT;"MEDIA DISTANCIA AUTOPISTA DIFERENCIAL";METALPAR;;36130/2017;;0064/17;"SEVA DT-1050";3719340645;"194, 2077IE, 2077OE, 2077OP1, 2077OP11, 2077OP12, 2077OP13, 2077OP14, 2077OP15, 2077OP16, 2077OP17, 2077OP2, 2077OP23, 2077OP26, 2077OP27, 2077OP28, 2077OP29, 2077OP3, 2077OP30, 2077OP31, 2077OP32, 2077OP4";9BM382189HB044238;"MERCEDES BENZ";"O 500 U 1826/59";NO;JN:NACIONAL;SI;"OLEU:2027-09-05, IE:2027-09-05, AC:2027-12-31, OLP:2027-12-31"
AB562PO;189;"OFERTA LIBRE - EVENTO UNICO, INTERJURISDICCIONAL - EVENTO UNICO, SERVICIO COMÚN MEDIA DISTANCIA x AUTOPISTA, OFERTA LIBRE - PERIODICO";2017;45;2077;30546500086;"LA NUEVA METROPOL S.A.T.A.C.I.";16/01/2027;259482;CENT;"MEDIA DISTANCIA AUTOPISTA DIFERENCIAL";METALPAR;;36130/2017;;0064/17;"SEVA DT-1050";3718267635;"194, 2077IE, 2077OE, 2077OP1, 2077OP11, 2077OP12, 2077OP13, 2077OP14, 2077OP15, 2077OP16, 2077OP17, 2077OP2, 2077OP23, 2077OP26, 2077OP27, 2077OP28, 2077OP29, 2077OP3, 2077OP30, 2077OP31, 2077OP32, 2077OP4";9BM382189HB044114;"MERCEDES BENZ";"O 500 U 1826/59";NO;JN:NACIONAL;SI;"OLEU:2027-09-05, IE:2027-09-05, AC:2027-12-31, OLP:2027-12-31"
AB700BI;182;"OFERTA LIBRE - EVENTO UNICO, INTERJURISDICCIONAL - EVENTO UNICO, SERVICIO COMÚN MEDIA DISTANCIA x AUTOPISTA, OFERTA LIBRE - PERIODICO";2017;45;2077;30546500086;"LA NUEVA METROPOL S.A.T.A.C.I.";08/10/2026;113721;CENT;"MEDIA DISTANCIA AUTOPISTA DIFERENCIAL";METALPAR;;36130/2017;;0064/17;"SEVA DT-1050";3719340732;"194, 2077IE, 2077OE, 2077OP1, 2077OP11, 2077OP12, 2077OP13, 2077OP14, 2077OP15, 2077OP16, 2077OP17, 2077OP2, 2077OP23, 2077OP26, 2077OP27, 2077OP28, 2077OP29, 2077OP3, 2077OP30, 2077OP31, 2077OP32, 2077OP4";9BM382189HB040821;"MERCEDES BENZ";"O 500 U 1826/59";NO;JN:NACIONAL;SI;"OLEU:2027-09-05, IE:2027-09-05, AC:2027-12-31, OLP:2027-12-31"
AB700BJ;164;"OFERTA LIBRE - EVENTO UNICO, INTERJURISDICCIONAL - EVENTO UNICO, SERVICIO COMÚN MEDIA DISTANCIA x AUTOPISTA, OFERTA LIBRE - PERIODICO";2017;45;2077;30546500086;"LA NUEVA METROPOL S.A.T.A.C.I.";30/01/2027;260276;CENT;"MEDIA DISTANCIA AUTOPISTA DIFERENCIAL";METALPAR;;36130/2017;;0064/17;"SEVA DT-1050";3719340666;"195, 2077IE, 2077OE, 2077OP1, 2077OP11, 2077OP12, 2077OP13, 2077OP14, 2077OP15, 2077OP16, 2077OP17, 2077OP2, 2077OP23, 2077OP26, 2077OP27, 2077OP28, 2077OP29, 2077OP3, 2077OP30, 2077OP31, 2077OP32, 2077OP4";9BM382189HB044259;"MERCEDES BENZ";"O 500 U 1826/59";NO;JN:NACIONAL;SI;"OLEU:2027-09-05, IE:2027-09-05, AC:2027-12-31, OLP:2027-12-31"
AB717JK;159;"OFERTA LIBRE - EVENTO UNICO, INTERJURISDICCIONAL - EVENTO UNICO, SERVICIO COMÚN MEDIA DISTANCIA x AUTOPISTA, OFERTA LIBRE - PERIODICO";2017;45;2077;30546500086;"LA NUEVA METROPOL S.A.T.A.C.I.";10/02/2027;262136;CENT;"MEDIA DISTANCIA AUTOPISTA DIFERENCIAL";METALPAR;;36130/2017;;0064/17;"SEVA DT-1050";3718310172;"194, 2077IE, 2077OE, 2077OP1, 2077OP11, 2077OP12, 2077OP13, 2077OP14, 2077OP15, 2077OP16, 2077OP17, 2077OP2, 2077OP23, 2077OP26, 2077OP27, 2077OP28, 2077OP29, 2077OP3, 2077OP30, 2077OP31, 2077OP32, 2077OP4";9BM382189HB044859;"MERCEDES BENZ";"O 500 U 1826/59";NO;JN:NACIONAL;SI;"OLEU:2027-09-05, IE:2027-09-05, AC:2027-12-31, OLP:2027-12-31"
AB717KA;162;"OFERTA LIBRE - EVENTO UNICO, INTERJURISDICCIONAL - EVENTO UNICO, SERVICIO COMÚN MEDIA DISTANCIA x AUTOPISTA, OFERTA LIBRE - PERIODICO";2017;45;2077;30546500086;"LA NUEVA METROPOL S.A.T.A.C.I.";15/01/2027;259462;CENT;"MEDIA DISTANCIA AUTOPISTA DIFERENCIAL";METALPAR;;36130/2017;;0064/17;"SEVA DT-1050";3718267649;"194, 2077IE, 2077OE, 2077OP1, 2077OP11, 2077OP12, 2077OP13, 2077OP14, 2077OP15, 2077OP16, 2077OP17, 2077OP2, 2077OP23, 2077OP26, 2077OP27, 2077OP28, 2077OP29, 2077OP3, 2077OP30, 2077OP31, 2077OP32, 2077OP4";9BM382189HB040965;"MERCEDES BENZ";"O 500 U 1826/59";NO;JN:NACIONAL;SI;"OLEU:2027-09-05, IE:2027-09-05, AC:2027-12-31, OLP:2027-12-31"
AB950XR;160;"OFERTA LIBRE - EVENTO UNICO, INTERJURISDICCIONAL - EVENTO UNICO, SERVICIO COMÚN MEDIA DISTANCIA x AUTOPISTA, OFERTA LIBRE - PERIODICO";2017;45;2077;30546500086;"LA NUEVA METROPOL S.A.T.A.C.I.";11/11/2026;118293;CENT;"MEDIA DISTANCIA AUTOPISTA DIFERENCIAL";METALPAR;;36130/2017;;0064/17;"SEVA DT-1050";3718310103;"194, 2077IE, 2077OE, 2077OP1, 2077OP11, 2077OP12, 2077OP13, 2077OP14, 2077OP15, 2077OP16, 2077OP17, 2077OP2, 2077OP23, 2077OP26, 2077OP27, 2077OP28, 2077OP29, 2077OP3, 2077OP30, 2077OP31, 2077OP32, 2077OP4";9BM382189HB044621;"MERCEDES BENZ";"O 500 U 1826/59";NO;JN:NACIONAL;SI;"OLEU:2027-09-05, IE:2027-09-05, AC:2027-12-31, OLP:2027-12-31"
AC019DO;145;"OFERTA LIBRE - EVENTO UNICO, INTERJURISDICCIONAL - EVENTO UNICO, SERVICIO COMÚN MEDIA DISTANCIA x AUTOPISTA, OFERTA LIBRE - PERIODICO";2017;45;2077;30546500086;"LA NUEVA METROPOL S.A.T.A.C.I.";03/03/2027;422088;CENT;"MEDIA DISTANCIA AUTOPISTA DIFERENCIAL";METALPAR;;36130/2017;;0064/17;"SEVA DT-1050";3719340660;"194, 2077IE, 2077OE, 2077OP1, 2077OP11, 2077OP12, 2077OP13, 2077OP14, 2077OP15, 2077OP16, 2077OP17, 2077OP2, 2077OP23, 2077OP26, 2077OP27, 2077OP28, 2077OP29, 2077OP3, 2077OP30, 2077OP31, 2077OP32, 2077OP4";9BM382189HB042756;"MERCEDES BENZ";"O 500 U 1826/59";NO;JN:NACIONAL;SI;"OLEU:2027-09-05, IE:2027-09-05, AC:2027-12-31, OLP:2027-12-31"
AC019DR;158;"OFERTA LIBRE - EVENTO UNICO, INTERJURISDICCIONAL - EVENTO UNICO, SERVICIO COMÚN MEDIA DISTANCIA x AUTOPISTA, OFERTA LIBRE - PERIODICO";2017;45;2077;30546500086;"LA NUEVA METROPOL S.A.T.A.C.I.";14/02/2027;419364;CENT;"MEDIA DISTANCIA AUTOPISTA DIFERENCIAL";METALPAR;;36130/2017;;0064/17;"SEVA DT-1050";3718267719;"194, 2077IE, 2077OE, 2077OP1, 2077OP11, 2077OP12, 2077OP13, 2077OP14, 2077OP15, 2077OP16, 2077OP17, 2077OP2, 2077OP23, 2077OP26, 2077OP27, 2077OP28, 2077OP29, 2077OP3, 2077OP30, 2077OP31, 2077OP32, 2077OP4";9BM382189HB041271;"MERCEDES BENZ";"O 500 U 1826/59";NO;JN:NACIONAL;SI;"OLEU:2027-09-05, IE:2027-09-05, AC:2027-12-31, OLP:2027-12-31"
AC019DT;157;"OFERTA LIBRE - EVENTO UNICO, INTERJURISDICCIONAL - EVENTO UNICO, SERVICIO COMÚN MEDIA DISTANCIA x AUTOPISTA, OFERTA LIBRE - PERIODICO";2017;45;2077;30546500086;"LA NUEVA METROPOL S.A.T.A.C.I.";15/11/2026;119580;CENT;"MEDIA DISTANCIA AUTOPISTA DIFERENCIAL";METALPAR;;36130/2017;;0064/17;"SEVA DT-1050";3718454177;"194, 2077IE, 2077OE, 2077OP1, 2077OP11, 2077OP12, 2077OP13, 2077OP14, 2077OP15, 2077OP16, 2077OP17, 2077OP2, 2077OP23, 2077OP26, 2077OP27, 2077OP28, 2077OP29, 2077OP3, 2077OP30, 2077OP31, 2077OP32, 2077OP4";9BM382189HB042688;"MERCEDES BENZ";"O 500 U 1826/59";NO;JN:NACIONAL;SI;"OLEU:2027-09-05, IE:2027-09-05, AC:2027-12-31, OLP:2027-12-31"
AC019DU;150;"OFERTA LIBRE - EVENTO UNICO, INTERJURISDICCIONAL - EVENTO UNICO, SERVICIO COMÚN MEDIA DISTANCIA x AUTOPISTA, OFERTA LIBRE - PERIODICO";2017;45;2077;30546500086;"LA NUEVA METROPOL S.A.T.A.C.I.";03/03/2027;422097;CENT;"MEDIA DISTANCIA AUTOPISTA DIFERENCIAL";METALPAR;;36130/2017;;0064/17;"SEVA DT-1050";3719340646;"195, 2077IE, 2077OE, 2077OP1, 2077OP11, 2077OP12, 2077OP13, 2077OP14, 2077OP15, 2077OP16, 2077OP17, 2077OP2, 2077OP23, 2077OP26, 2077OP27, 2077OP28, 2077OP29, 2077OP3, 2077OP30, 2077OP31, 2077OP32, 2077OP4";9BM382189HB042667;"MERCEDES BENZ";"O 500 U 1826/59";NO;JN:NACIONAL;SI;"OLEU:2027-09-05, IE:2027-09-05, AC:2027-12-31, OLP:2027-12-31"
AC019DV;155;"OFERTA LIBRE - EVENTO UNICO, INTERJURISDICCIONAL - EVENTO UNICO, SERVICIO COMÚN MEDIA DISTANCIA x AUTOPISTA, OFERTA LIBRE - PERIODICO";2017;45;2077;30546500086;"LA NUEVA METROPOL S.A.T.A.C.I.";21/01/2027;259585;CENT;"MEDIA DISTANCIA AUTOPISTA DIFERENCIAL";METALPAR;;36130/2017;;0064/17;"SEVA DT-1050";3719340876;"194, 2077IE, 2077OE, 2077OP1, 2077OP11, 2077OP12, 2077OP13, 2077OP14, 2077OP15, 2077OP16, 2077OP17, 2077OP2, 2077OP23, 2077OP26, 2077OP27, 2077OP28, 2077OP29, 2077OP3, 2077OP30, 2077OP31, 2077OP32, 2077OP4";9BM382189HB042767;"MERCEDES BENZ";"O 500 U 1826/59";NO;JN:NACIONAL;SI;"OLEU:2027-09-05, IE:2027-09-05, AC:2027-12-31, OLP:2027-12-31"
AC780JK;;"OFERTA LIBRE - EVENTO UNICO, INTERJURISDICCIONAL - EVENTO UNICO, OFERTA LIBRE - PERIODICO";2018;19;2077;30546500086;"LA NUEVA METROPOL S.A.T.A.C.I.";27/10/2026;117365;CENT;"TURISMO / O. LIBRE";"MERCEDES BENZ";"SPRINTER 515 CDI D";" ";;328-2012;CONTINENTAL;8472454;"2077IE, 2077OE, 2077OP1, 2077OP11, 2077OP12, 2077OP13, 2077OP14, 2077OP15, 2077OP16, 2077OP17, 2077OP2, 2077OP23, 2077OP26, 2077OP27, 2077OP28, 2077OP29, 2077OP3, 2077OP30, 2077OP31, 2077OP32, 2077OP4";8AC906657JE150210;"MERCEDES BENZ";"SPRINTER 515 CDI D";NO;JN:NACIONAL;SI;"OLEU:2027-09-05, IE:2027-09-05, OLP:2028-12-31"
AD143WS;;"OFERTA LIBRE - EVENTO UNICO, INTERJURISDICCIONAL - EVENTO UNICO, OFERTA LIBRE - PERIODICO";2018;31;2077;30546500086;"LA NUEVA METROPOL S.A.T.A.C.I.";03/12/2026;253060;CENT;"PRE & POST EMBARQUE";METALPAR;;2667/2017;2023-7181886;2023-12695306;CONTINENTAL;09706549;"2077IE, 2077OE, 2077OP1, 2077OP11, 2077OP12, 2077OP13, 2077OP14, 2077OP15, 2077OP16, 2077OP17, 2077OP2, 2077OP23, 2077OP26, 2077OP27, 2077OP28, 2077OP29, 2077OP3, 2077OP30, 2077OP31, 2077OP32, 2077OP4";9BM382189JB069333;"MERCEDES BENZ";"O 500 U 1826/59";SI;JN:NACIONAL;SI;"OLEU:2027-09-05, IE:2027-09-05, OLP:2028-12-31"
AD143WU;;"OFERTA LIBRE - EVENTO UNICO, INTERJURISDICCIONAL - EVENTO UNICO, OFERTA LIBRE - PERIODICO";2018;31;2077;30546500086;"LA NUEVA METROPOL S.A.T.A.C.I.";28/02/2027;420402;CENT;"PRE & POST EMBARQUE";METALPAR;;2667/2017;2023-7181886;2023-12695306;CONTINENTAL;09704732;"2077IE, 2077OE, 2077OP1, 2077OP11, 2077OP12, 2077OP13, 2077OP14, 2077OP15, 2077OP16, 2077OP17, 2077OP2, 2077OP23, 2077OP26, 2077OP27, 2077OP28, 2077OP29, 2077OP3, 2077OP30, 2077OP31, 2077OP32, 2077OP4";9BM382189JB068557;"MERCEDES BENZ";"O 500 U 1826/59";SI;JN:NACIONAL;SI;"OLEU:2027-09-05, IE:2027-09-05, OLP:2028-12-31"
AD143XB;;"OFERTA LIBRE - EVENTO UNICO, INTERJURISDICCIONAL - EVENTO UNICO, OFERTA LIBRE - PERIODICO";2018;31;2077;30546500086;"LA NUEVA METROPOL S.A.T.A.C.I.";18/01/2027;259533;CENT;"PRE & POST EMBARQUE";METALPAR;;2667/2017;2023-7181886;2023-12695306;CONTINENTAL;09707259;"2077IE, 2077OE, 2077OP1, 2077OP11, 2077OP12, 2077OP13, 2077OP14, 2077OP15, 2077OP16, 2077OP17, 2077OP2, 2077OP23, 2077OP26, 2077OP27, 2077OP28, 2077OP29, 2077OP3, 2077OP30, 2077OP31, 2077OP32, 2077OP4";9BM382189JB070037;"MERCEDES BENZ";"O 500 U 1826/59";SI;JN:NACIONAL;SI;"OLEU:2027-09-05, IE:2027-09-05, OLP:2028-12-31"
AD143XC;;"OFERTA LIBRE - EVENTO UNICO, INTERJURISDICCIONAL - EVENTO UNICO, OFERTA LIBRE - PERIODICO";2018;31;2077;30546500086;"LA NUEVA METROPOL S.A.T.A.C.I.";04/03/2027;422154;CENT;"PRE & POST EMBARQUE";METALPAR;;2667/2017;2023-7181886;2023-12695306;CONTINENTAL;09707281;"2077IE, 2077OE, 2077OP1, 2077OP11, 2077OP12, 2077OP13, 2077OP14, 2077OP15, 2077OP16, 2077OP17, 2077OP2, 2077OP23, 2077OP26, 2077OP27, 2077OP28, 2077OP29, 2077OP3, 2077OP30, 2077OP31, 2077OP32, 2077OP4";9BM382189JB070067;"MERCEDES BENZ";"O 500 U 1826/59";SI;JN:NACIONAL;SI;"OLEU:2027-09-05, IE:2027-09-05, OLP:2028-12-31"
AD143XE;;"OFERTA LIBRE - EVENTO UNICO, INTERJURISDICCIONAL - EVENTO UNICO, OFERTA LIBRE - PERIODICO";2018;31;2077;30546500086;"LA NUEVA METROPOL S.A.T.A.C.I.";04/03/2027;422157;CENT;"PRE & POST EMBARQUE";METALPAR;;2667/2017;2023-7181886;2023-12695306;CONTINENTAL;09708572;"2077IE, 2077OE, 2077OP1, 2077OP11, 2077OP12, 2077OP13, 2077OP14, 2077OP15, 2077OP16, 2077OP17, 2077OP2, 2077OP23, 2077OP26, 2077OP27, 2077OP28, 2077OP29, 2077OP3, 2077OP30, 2077OP31, 2077OP32, 2077OP4";9BM382189JB069773;"MERCEDES BENZ";"O 500 U 1826/59";SI;JN:NACIONAL;SI;"OLEU:2027-09-05, IE:2027-09-05, OLP:2028-12-31"
AD162FK;;"OFERTA LIBRE - EVENTO UNICO, INTERJURISDICCIONAL - EVENTO UNICO, OFERTA LIBRE - PERIODICO";2018;31;2077;30546500086;"LA NUEVA METROPOL S.A.T.A.C.I.";03/03/2027;422118;CENT;"PRE & POST EMBARQUE";METALPAR;;2667/2017;2023-7181886;2023-12695306;CONTINENTAL;09704730;"2077IE, 2077OE, 2077OP1, 2077OP11, 2077OP12, 2077OP13, 2077OP14, 2077OP15, 2077OP16, 2077OP17, 2077OP2, 2077OP23, 2077OP26, 2077OP27, 2077OP28, 2077OP29, 2077OP3, 2077OP30, 2077OP31, 2077OP32, 2077OP4";9BM382189JB068542;"MERCEDES BENZ";"O 500 U 1826/59";SI;JN:NACIONAL;SI;"OLEU:2027-09-05, IE:2027-09-05, OLP:2028-12-31"
AD162FL;;"OFERTA LIBRE - EVENTO UNICO, INTERJURISDICCIONAL - EVENTO UNICO, OFERTA LIBRE - PERIODICO";2018;31;2077;30546500086;"LA NUEVA METROPOL S.A.T.A.C.I.";11/11/2026;118322;CENT;"PRE & POST EMBARQUE";METALPAR;;2667/2017;2023-7181886;2023-12695306;CONTINENTAL;09720617;"2077IE, 2077OE, 2077OP1, 2077OP11, 2077OP12, 2077OP13, 2077OP14, 2077OP15, 2077OP16, 2077OP17, 2077OP2, 2077OP23, 2077OP26, 2077OP27, 2077OP28, 2077OP29, 2077OP3, 2077OP30, 2077OP31, 2077OP32, 2077OP4";9BM382189JB068770;"MERCEDES BENZ";"O 500 U 1826/59";SI;JN:NACIONAL;SI;"OLEU:2027-09-05, IE:2027-09-05, OLP:2028-12-31"
AD162FN;;"OFERTA LIBRE - EVENTO UNICO, INTERJURISDICCIONAL - EVENTO UNICO, OFERTA LIBRE - PERIODICO";2018;31;2077;30546500086;"LA NUEVA METROPOL S.A.T.A.C.I.";17/12/2026;255623;CENT;"PRE & POST EMBARQUE";METALPAR;;2667/2017;2023-7181886;2023-12695306;CONTINENTAL;09705753;"2077IE, 2077OE, 2077OP1, 2077OP11, 2077OP12, 2077OP13, 2077OP14, 2077OP15, 2077OP16, 2077OP17, 2077OP2, 2077OP23, 2077OP26, 2077OP27, 2077OP28, 2077OP29, 2077OP3, 2077OP30, 2077OP31, 2077OP32, 2077OP4";9BM382189JB069102;"MERCEDES BENZ";"O 500 U 1826/59";SI;JN:NACIONAL;SI;"OLEU:2027-09-05, IE:2027-09-05, OLP:2028-12-31"
AD162FO;;"OFERTA LIBRE - EVENTO UNICO, INTERJURISDICCIONAL - EVENTO UNICO, OFERTA LIBRE - PERIODICO";2018;31;2077;30546500086;"LA NUEVA METROPOL S.A.T.A.C.I.";12/12/2026;254134;CENT;"PRE & POST EMBARQUE";METALPAR;;2667/2017;2023-7181886;2023-12695306;CONTINENTAL;09707276;"2077IE, 2077OE, 2077OP1, 2077OP11, 2077OP12, 2077OP13, 2077OP14, 2077OP15, 2077OP16, 2077OP17, 2077OP2, 2077OP23, 2077OP26, 2077OP27, 2077OP28, 2077OP29, 2077OP3, 2077OP30, 2077OP31, 2077OP32, 2077OP4";9BM382189JB069082;"MERCEDES BENZ";"O 500 U 1826/59";SI;JN:NACIONAL;SI;"OLEU:2027-09-05, IE:2027-09-05, OLP:2028-12-31"
AD162FP;;"OFERTA LIBRE - EVENTO UNICO, INTERJURISDICCIONAL - EVENTO UNICO, OFERTA LIBRE - PERIODICO";2018;31;2077;30546500086;"LA NUEVA METROPOL S.A.T.A.C.I.";04/03/2027;422153;CENT;"PRE & POST EMBARQUE";METALPAR;;2667/2017;2023-7181886;2023-12695306;CONTINENTAL;09704761;"2077IE, 2077OE, 2077OP1, 2077OP11, 2077OP12, 2077OP13, 2077OP14, 2077OP15, 2077OP16, 2077OP17, 2077OP2, 2077OP23, 2077OP26, 2077OP27, 2077OP28, 2077OP29, 2077OP3, 2077OP30, 2077OP31, 2077OP32, 2077OP4";9BM382189JB068670;"MERCEDES BENZ";"O 500 U 1826/59";SI;JN:NACIONAL;SI;"OLEU:2027-09-05, IE:2027-09-05, OLP:2028-12-31"
AD387SS;;"OFERTA LIBRE - EVENTO UNICO, INTERJURISDICCIONAL - EVENTO UNICO, OFERTA LIBRE - PERIODICO";2019;19;2077;30546500086;"LA NUEVA METROPOL S.A.T.A.C.I.";16/01/2027;259483;CENT;"TURISMO / O. LIBRE";"MERCEDES BENZ";"SPRINTER 515 CDI D";" ";;328-2012;DIGITAC;030008;"2077IE, 2077OE, 2077OP1, 2077OP11, 2077OP12, 2077OP13, 2077OP14, 2077OP15, 2077OP16, 2077OP17, 2077OP2, 2077OP23, 2077OP26, 2077OP27, 2077OP28, 2077OP29, 2077OP3, 2077OP30, 2077OP31, 2077OP32, 2077OP4";8AC906657KE159975;"MERCEDES BENZ";"SPRINTER 515 CDI D";NO;JN:NACIONAL;SI;"OLEU:2027-09-05, IE:2027-09-05, OLP:2029-12-31"
AE073BI;112;"OFERTA LIBRE - EVENTO UNICO, INTERJURISDICCIONAL - EVENTO UNICO, SERVICIO COMÚN MEDIA DISTANCIA x AUTOPISTA, OFERTA LIBRE - PERIODICO";2020;49;2077;30546500086;"LA NUEVA METROPOL S.A.T.A.C.I.";11/02/2027;262163;CENT;"MEDIA DISTANCIA AUTOPISTA COMÚN";METALSUR;;2019-105772654;;077/19;"SEVA DT-1050";3718454164;"195, 2077IE, 2077OE, 2077OP1, 2077OP11, 2077OP12, 2077OP13, 2077OP14, 2077OP15, 2077OP16, 2077OP17, 2077OP2, 2077OP23, 2077OP26, 2077OP27, 2077OP28, 2077OP29, 2077OP3, 2077OP30, 2077OP31, 2077OP32, 2077OP4";9BM382185KB102084;"MERCEDES BENZ";"O 500 M 1826/30";NO;JN:NACIONAL;SI;"OLEU:2027-09-05, IE:2027-09-05, AC:2030-12-31, OLP:2030-12-31"
AE073BW;267;"OFERTA LIBRE - EVENTO UNICO, INTERJURISDICCIONAL - EVENTO UNICO, SERVICIO COMÚN MEDIA DISTANCIA x AUTOPISTA, OFERTA LIBRE - PERIODICO";2020;49;2077;30546500086;"LA NUEVA METROPOL S.A.T.A.C.I.";06/11/2026;118170;CENT;"MEDIA DISTANCIA AUTOPISTA COMÚN";METALSUR;;2019-105772654;;077/19;"SEVA DT-1050";3718220332;"194, 2077IE, 2077OE, 2077OP1, 2077OP11, 2077OP12, 2077OP13, 2077OP14, 2077OP15, 2077OP16, 2077OP17, 2077OP2, 2077OP23, 2077OP26, 2077OP27, 2077OP28, 2077OP29, 2077OP3, 2077OP30, 2077OP31, 2077OP32, 2077OP4";9BM382185KB102117;"MERCEDES BENZ";"O 500 M 1826/30";NO;JN:NACIONAL;SI;"OLEU:2027-09-05, IE:2027-09-05, AC:2030-12-31, OLP:2030-12-31"
AE073BX;196;"OFERTA LIBRE - EVENTO UNICO, INTERJURISDICCIONAL - EVENTO UNICO, SERVICIO COMÚN MEDIA DISTANCIA x AUTOPISTA, OFERTA LIBRE - PERIODICO";2020;49;2077;30546500086;"LA NUEVA METROPOL S.A.T.A.C.I.";27/12/2026;256261;CENT;"MEDIA DISTANCIA AUTOPISTA COMÚN";METALSUR;;2019-105772654;;077/19;"SEVA DT-1050";3718220333;"194, 2077IE, 2077OE, 2077OP1, 2077OP11, 2077OP12, 2077OP13, 2077OP14, 2077OP15, 2077OP16, 2077OP17, 2077OP2, 2077OP23, 2077OP26, 2077OP27, 2077OP28, 2077OP29, 2077OP3, 2077OP30, 2077OP31, 2077OP32, 2077OP4";9BM382185KB101368;"MERCEDES BENZ";"O 500 M 1826/30";NO;JN:NACIONAL;SI;"OLEU:2027-09-05, IE:2027-09-05, AC:2030-12-31, OLP:2030-12-31"
AE073BZ;239;"OFERTA LIBRE - EVENTO UNICO, INTERJURISDICCIONAL - EVENTO UNICO, SERVICIO COMÚN MEDIA DISTANCIA x AUTOPISTA, OFERTA LIBRE - PERIODICO";2020;49;2077;30546500086;"LA NUEVA METROPOL S.A.T.A.C.I.";11/11/2026;118296;CENT;"MEDIA DISTANCIA AUTOPISTA COMÚN";METALSUR;;2019-105772654;;077/19;"SEVA DT-1050";3718305639;"194, 2077IE, 2077OE, 2077OP1, 2077OP11, 2077OP12, 2077OP13, 2077OP14, 2077OP15, 2077OP16, 2077OP17, 2077OP2, 2077OP23, 2077OP26, 2077OP27, 2077OP28, 2077OP29, 2077OP3, 2077OP30, 2077OP31, 2077OP32, 2077OP4";9BM382185KB101755;"MERCEDES BENZ";"O 500 M 1826/30";NO;JN:NACIONAL;SI;"OLEU:2027-09-05, IE:2027-09-05, AC:2030-12-31, OLP:2030-12-31"
AE091TA;128;"OFERTA LIBRE - EVENTO UNICO, INTERJURISDICCIONAL - EVENTO UNICO, SERVICIO COMÚN MEDIA DISTANCIA x AUTOPISTA, OFERTA LIBRE - PERIODICO";2020;49;2077;30546500086;"LA NUEVA METROPOL S.A.T.A.C.I.";02/03/2027;420446;CENT;"MEDIA DISTANCIA AUTOPISTA COMÚN";METALSUR;;2019-105772654;;077/19;"SEVA DT-1050";3718105551;"195, 2077IE, 2077OE, 2077OP1, 2077OP11, 2077OP12, 2077OP13, 2077OP14, 2077OP15, 2077OP16, 2077OP17, 2077OP2, 2077OP23, 2077OP26, 2077OP27, 2077OP28, 2077OP29, 2077OP3, 2077OP30, 2077OP31, 2077OP32, 2077OP4";9BM382185KB101060;"MERCEDES BENZ";"O 500 M 1826/30";NO;JN:NACIONAL;SI;"OLEU:2027-09-05, IE:2027-09-05, AC:2030-12-31, OLP:2030-12-31"
AE091TE;325;"OFERTA LIBRE - EVENTO UNICO, INTERJURISDICCIONAL - EVENTO UNICO, SERVICIO COMÚN MEDIA DISTANCIA x AUTOPISTA, OFERTA LIBRE - PERIODICO";2020;49;2077;30546500086;"LA NUEVA METROPOL S.A.T.A.C.I.";13/01/2027;257767;CENT;"MEDIA DISTANCIA AUTOPISTA COMÚN";METALSUR;;2019-105772654;;077/19;"SEVA DT-1050";3718105530;"194, 2077IE, 2077OE, 2077OP1, 2077OP11, 2077OP12, 2077OP13, 2077OP14, 2077OP15, 2077OP16, 2077OP17, 2077OP2, 2077OP23, 2077OP26, 2077OP27, 2077OP28, 2077OP29, 2077OP3, 2077OP30, 2077OP31, 2077OP32, 2077OP4";9BM382185KB101182;"MERCEDES BENZ";"O 500 M 1826/30";NO;JN:NACIONAL;SI;"OLEU:2027-09-05, IE:2027-09-05, AC:2030-12-31, OLP:2030-12-31"
AE091TF;323;"OFERTA LIBRE - EVENTO UNICO, INTERJURISDICCIONAL - EVENTO UNICO, SERVICIO COMÚN MEDIA DISTANCIA x AUTOPISTA, OFERTA LIBRE - PERIODICO";2020;49;2077;30546500086;"LA NUEVA METROPOL S.A.T.A.C.I.";30/12/2026;256303;CENT;"MEDIA DISTANCIA AUTOPISTA COMÚN";METALSUR;;2019-105772654;;077/19;"SEVA DT-1050";3718454169;"194, 2077IE, 2077OE, 2077OP1, 2077OP11, 2077OP12, 2077OP13, 2077OP14, 2077OP15, 2077OP16, 2077OP17, 2077OP2, 2077OP23, 2077OP26, 2077OP27, 2077OP28, 2077OP29, 2077OP3, 2077OP30, 2077OP31, 2077OP32, 2077OP4";9BM382185KB100850;"MERCEDES BENZ";"O 500 M 1826/30";NO;JN:NACIONAL;SI;"OLEU:2027-09-05, IE:2027-09-05, AC:2030-12-31, OLP:2030-12-31"
AE091TG;322;"OFERTA LIBRE - EVENTO UNICO, INTERJURISDICCIONAL - EVENTO UNICO, SERVICIO COMÚN MEDIA DISTANCIA x AUTOPISTA, OFERTA LIBRE - PERIODICO";2020;49;2077;30546500086;"LA NUEVA METROPOL S.A.T.A.C.I.";25/12/2026;255796;CENT;"MEDIA DISTANCIA AUTOPISTA COMÚN";METALSUR;;2019-105772654;;077/19;"SEVA DT-1050";3718105532;"194, 2077IE, 2077OE, 2077OP1, 2077OP11, 2077OP12, 2077OP13, 2077OP14, 2077OP15, 2077OP16, 2077OP17, 2077OP2, 2077OP23, 2077OP26, 2077OP27, 2077OP28, 2077OP29, 2077OP3, 2077OP30, 2077OP31, 2077OP32, 2077OP4";9BM382185KB106925;"MERCEDES BENZ";"O 500 M 1826/30";NO;JN:NACIONAL;SI;"OLEU:2027-09-05, IE:2027-09-05, AC:2030-12-31, OLP:2030-12-31"
AE091TH;278;"OFERTA LIBRE - EVENTO UNICO, INTERJURISDICCIONAL - EVENTO UNICO, SERVICIO COMÚN MEDIA DISTANCIA x AUTOPISTA, OFERTA LIBRE - PERIODICO";2020;49;2077;30546500086;"LA NUEVA METROPOL S.A.T.A.C.I.";26/12/2026;255817;CENT;"MEDIA DISTANCIA AUTOPISTA COMÚN";METALSUR;;2019-105772654;;077/19;"SEVA DT-1050";3718220305;"194, 2077IE, 2077OE, 2077OP1, 2077OP11, 2077OP12, 2077OP13, 2077OP14, 2077OP15, 2077OP16, 2077OP17, 2077OP2, 2077OP23, 2077OP26, 2077OP27, 2077OP28, 2077OP29, 2077OP3, 2077OP30, 2077OP31, 2077OP32, 2077OP4";9BM382185KB106460;"MERCEDES BENZ";"O 500 M 1826/30";NO;JN:NACIONAL;SI;"OLEU:2027-09-05, IE:2027-09-05, AC:2030-12-31, OLP:2030-12-31"
AE091TI;275;"OFERTA LIBRE - EVENTO UNICO, INTERJURISDICCIONAL - EVENTO UNICO, SERVICIO COMÚN MEDIA DISTANCIA x AUTOPISTA, OFERTA LIBRE - PERIODICO";2020;49;2077;30546500086;"LA NUEVA METROPOL S.A.T.A.C.I.";01/12/2026;122971;CENT;"MEDIA DISTANCIA AUTOPISTA COMÚN";METALSUR;;2019-105772654;;077/19;"SEVA DT-1050";3718305634;"194, 2077IE, 2077OE, 2077OP1, 2077OP11, 2077OP12, 2077OP13, 2077OP14, 2077OP15, 2077OP16, 2077OP17, 2077OP2, 2077OP23, 2077OP26, 2077OP27, 2077OP28, 2077OP29, 2077OP3, 2077OP30, 2077OP31, 2077OP32, 2077OP4";9BM382185KB107789;"MERCEDES BENZ";"O 500 M 1826/30";NO;JN:NACIONAL;SI;"OLEU:2027-09-05, IE:2027-09-05, AC:2030-12-31, OLP:2030-12-31"
AE091TJ;111;"OFERTA LIBRE - EVENTO UNICO, INTERJURISDICCIONAL - EVENTO UNICO, SERVICIO COMÚN MEDIA DISTANCIA x AUTOPISTA, OFERTA LIBRE - PERIODICO";2020;49;2077;30546500086;"LA NUEVA METROPOL S.A.T.A.C.I.";10/02/2027;262121;CENT;"MEDIA DISTANCIA AUTOPISTA COMÚN";METALSUR;;2019-105772654;;077/19;"SEVA DT-1050";3718105566;"195, 2077IE, 2077OE, 2077OP1, 2077OP11, 2077OP12, 2077OP13, 2077OP14, 2077OP15, 2077OP16, 2077OP17, 2077OP2, 2077OP23, 2077OP26, 2077OP27, 2077OP28, 2077OP29, 2077OP3, 2077OP30, 2077OP31, 2077OP32, 2077OP4";9BM382185KB107404;"MERCEDES BENZ";"O 500 M 1826/30";NO;JN:NACIONAL;SI;"OLEU:2027-09-05, IE:2027-09-05, AC:2030-12-31, OLP:2030-12-31"
AE091TK;109;"OFERTA LIBRE - EVENTO UNICO, INTERJURISDICCIONAL - EVENTO UNICO, SERVICIO COMÚN MEDIA DISTANCIA x AUTOPISTA, OFERTA LIBRE - PERIODICO";2020;49;2077;30546500086;"LA NUEVA METROPOL S.A.T.A.C.I.";07/02/2027;262071;CENT;"MEDIA DISTANCIA AUTOPISTA COMÚN";METALSUR;;2019-105772654;;077/19;"SEVA DT-1050";3718305649;"195, 2077IE, 2077OE, 2077OP1, 2077OP11, 2077OP12, 2077OP13, 2077OP14, 2077OP15, 2077OP16, 2077OP17, 2077OP2, 2077OP23, 2077OP26, 2077OP27, 2077OP28, 2077OP29, 2077OP3, 2077OP30, 2077OP31, 2077OP32, 2077OP4";9BM382185KB108079;"MERCEDES BENZ";"O 500 M 1826/30";NO;JN:NACIONAL;SI;"OLEU:2027-09-05, IE:2027-09-05, AC:2030-12-31, OLP:2030-12-31"
AE091TL;108;"OFERTA LIBRE - EVENTO UNICO, INTERJURISDICCIONAL - EVENTO UNICO, SERVICIO COMÚN MEDIA DISTANCIA x AUTOPISTA, OFERTA LIBRE - PERIODICO";2020;49;2077;30546500086;"LA NUEVA METROPOL S.A.T.A.C.I.";18/02/2027;419426;CENT;"MEDIA DISTANCIA AUTOPISTA COMÚN";METALSUR;;2019-105772654;;077/19;"SEVA DT-1050";3718220337;"194, 2077IE, 2077OE, 2077OP1, 2077OP11, 2077OP12, 2077OP13, 2077OP14, 2077OP15, 2077OP16, 2077OP17, 2077OP2, 2077OP23, 2077OP26, 2077OP27, 2077OP28, 2077OP29, 2077OP3, 2077OP30, 2077OP31, 2077OP32, 2077OP4";9BM382185KB108017;"MERCEDES BENZ";"O 500 R 1830/30";NO;JN:NACIONAL;SI;"OLEU:2027-09-05, IE:2027-09-05, AC:2030-12-31, OLP:2030-12-31"
AE129OJ;117;"OFERTA LIBRE - EVENTO UNICO, INTERJURISDICCIONAL - EVENTO UNICO, SERVICIO COMÚN MEDIA DISTANCIA x AUTOPISTA, OFERTA LIBRE - PERIODICO";2020;49;2077;30546500086;"LA NUEVA METROPOL S.A.T.A.C.I.";06/02/2027;262032;CENT;"MEDIA DISTANCIA AUTOPISTA COMÚN";METALSUR;;2019-105772654;;077/19;"SEVA DT-1050";3718220336;"195, 2077IE, 2077OE, 2077OP1, 2077OP11, 2077OP12, 2077OP13, 2077OP14, 2077OP15, 2077OP16, 2077OP17, 2077OP2, 2077OP23, 2077OP26, 2077OP27, 2077OP28, 2077OP29, 2077OP3, 2077OP30, 2077OP31, 2077OP32, 2077OP4";9BM382185KB101226;"MERCEDES BENZ";"O 500 M 1826/30";NO;JN:NACIONAL;SI;"OLEU:2027-09-05, IE:2027-09-05, AC:2030-12-31, OLP:2030-12-31"
AE129OL;119;"OFERTA LIBRE - EVENTO UNICO, INTERJURISDICCIONAL - EVENTO UNICO, SERVICIO COMÚN MEDIA DISTANCIA x AUTOPISTA, OFERTA LIBRE - PERIODICO";2020;49;2077;30546500086;"LA NUEVA METROPOL S.A.T.A.C.I.";20/01/2027;259550;CENT;"MEDIA DISTANCIA AUTOPISTA COMÚN";METALSUR;;2019-105772654;;077/19;"SEVA DT-1050";3718105553;"195, 2077IE, 2077OE, 2077OP1, 2077OP11, 2077OP12, 2077OP13, 2077OP14, 2077OP15, 2077OP16, 2077OP17, 2077OP2, 2077OP23, 2077OP26, 2077OP27, 2077OP28, 2077OP29, 2077OP3, 2077OP30, 2077OP31, 2077OP32, 2077OP4";9BM382185KB101008;"MERCEDES BENZ";"O 500 M 1826/30";NO;JN:NACIONAL;SI;"OLEU:2027-09-05, IE:2027-09-05, AC:2030-12-31, OLP:2030-12-31"
AE129OP;120;"OFERTA LIBRE - EVENTO UNICO, INTERJURISDICCIONAL - EVENTO UNICO, SERVICIO COMÚN MEDIA DISTANCIA x AUTOPISTA, OFERTA LIBRE - PERIODICO";2020;49;2077;30546500086;"LA NUEVA METROPOL S.A.T.A.C.I.";12/02/2027;419303;CENT;"MEDIA DISTANCIA AUTOPISTA COMÚN";METALSUR;;2019-105772654;;077/19;"SEVA DT-1050";3718220348;"195, 2077IE, 2077OE, 2077OP1, 2077OP11, 2077OP12, 2077OP13, 2077OP14, 2077OP15, 2077OP16, 2077OP17, 2077OP2, 2077OP23, 2077OP26, 2077OP27, 2077OP28, 2077OP29, 2077OP3, 2077OP30, 2077OP31, 2077OP32, 2077OP4";9BM382185KB101426;"MERCEDES BENZ";"O 500 M 1826/30";NO;JN:NACIONAL;SI;"OLEU:2027-09-05, IE:2027-09-05, AC:2030-12-31, OLP:2030-12-31"
AE129OV;122;"OFERTA LIBRE - EVENTO UNICO, INTERJURISDICCIONAL - EVENTO UNICO, SERVICIO COMÚN MEDIA DISTANCIA x AUTOPISTA, OFERTA LIBRE - PERIODICO";2020;49;2077;30546500086;"LA NUEVA METROPOL S.A.T.A.C.I.";12/02/2027;262199;CENT;"MEDIA DISTANCIA AUTOPISTA COMÚN";METALSUR;;2019-105772654;;077/19;"SEVA DT-1050";3718454176;"195, 2077IE, 2077OE, 2077OP1, 2077OP11, 2077OP12, 2077OP13, 2077OP14, 2077OP15, 2077OP16, 2077OP17, 2077OP2, 2077OP23, 2077OP26, 2077OP27, 2077OP28, 2077OP29, 2077OP3, 2077OP30, 2077OP31, 2077OP32, 2077OP4";9BM382185KB106188;"MERCEDES BENZ";"O 500 M 1826/30";NO;JN:NACIONAL;SI;"OLEU:2027-09-05, IE:2027-09-05, AC:2030-12-31, OLP:2030-12-31"
AE129OX;124;"OFERTA LIBRE - EVENTO UNICO, INTERJURISDICCIONAL - EVENTO UNICO, SERVICIO COMÚN MEDIA DISTANCIA x AUTOPISTA, OFERTA LIBRE - PERIODICO";2020;49;2077;30546500086;"LA NUEVA METROPOL S.A.T.A.C.I.";13/02/2027;419319;CENT;"MEDIA DISTANCIA AUTOPISTA COMÚN";METALSUR;;2019-105772654;;077/19;"SEVA DT-1050";3718105559;"195, 2077IE, 2077OE, 2077OP1, 2077OP11, 2077OP12, 2077OP13, 2077OP14, 2077OP15, 2077OP16, 2077OP17, 2077OP2, 2077OP23, 2077OP26, 2077OP27, 2077OP28, 2077OP29, 2077OP3, 2077OP30, 2077OP31, 2077OP32, 2077OP4";9BM382185KB102625;"MERCEDES BENZ";"O 500 M 1826/30";NO;JN:NACIONAL;SI;"OLEU:2027-09-05, IE:2027-09-05, AC:2030-12-31, OLP:2030-12-31"
AE129OZ;123;"OFERTA LIBRE - EVENTO UNICO, INTERJURISDICCIONAL - EVENTO UNICO, SERVICIO COMÚN MEDIA DISTANCIA x AUTOPISTA, OFERTA LIBRE - PERIODICO";2020;49;2077;30546500086;"LA NUEVA METROPOL S.A.T.A.C.I.";18/02/2027;419421;CENT;"MEDIA DISTANCIA AUTOPISTA COMÚN";METALSUR;;2019-105772654;;077/19;"SEVA DT-1050";3718220338;"195, 2077IE, 2077OE, 2077OP1, 2077OP11, 2077OP12, 2077OP13, 2077OP14, 2077OP15, 2077OP16, 2077OP17, 2077OP2, 2077OP23, 2077OP26, 2077OP27, 2077OP28, 2077OP29, 2077OP3, 2077OP30, 2077OP31, 2077OP32, 2077OP4";9BM382185KB100807;"MERCEDES BENZ";"O 500 M 1826/30";NO;JN:NACIONAL;SI;"OLEU:2027-09-05, IE:2027-09-05, AC:2030-12-31, OLP:2030-12-31"
AE147LB;125;"OFERTA LIBRE - EVENTO UNICO, INTERJURISDICCIONAL - EVENTO UNICO, SERVICIO COMÚN MEDIA DISTANCIA x AUTOPISTA, OFERTA LIBRE - PERIODICO";2020;49;2077;30546500086;"LA NUEVA METROPOL S.A.T.A.C.I.";04/02/2027;261984;CENT;"MEDIA DISTANCIA AUTOPISTA COMÚN";METALSUR;;2019-105772654;;077/19;"SEVA DT-1050";3718105574;"195, 2077IE, 2077OE, 2077OP1, 2077OP11, 2077OP12, 2077OP13, 2077OP14, 2077OP15, 2077OP16, 2077OP17, 2077OP2, 2077OP23, 2077OP26, 2077OP27, 2077OP28, 2077OP29, 2077OP3, 2077OP30, 2077OP31, 2077OP32, 2077OP4";9BM382185KB102277;"MERCEDES BENZ";"O 500 M 1826/30";NO;JN:NACIONAL;SI;"OLEU:2027-09-05, IE:2027-09-05, AC:2030-12-31, OLP:2030-12-31"
AE229DG;200;"OFERTA LIBRE - EVENTO UNICO, INTERJURISDICCIONAL - EVENTO UNICO, SERVICIO COMÚN MEDIA DISTANCIA x AUTOPISTA, OFERTA LIBRE - PERIODICO";2020;49;2077;30546500086;"LA NUEVA METROPOL S.A.T.A.C.I.";02/01/2027;256385;CENT;"MEDIA DISTANCIA AUTOPISTA COMÚN";METALSUR;;2020-37371203;;024/20;CONTINENTAL;10137332;"194, 2077IE, 2077OE, 2077OP1, 2077OP11, 2077OP12, 2077OP13, 2077OP14, 2077OP15, 2077OP16, 2077OP17, 2077OP2, 2077OP23, 2077OP26, 2077OP27, 2077OP28, 2077OP29, 2077OP3, 2077OP30, 2077OP31, 2077OP32, 2077OP4";9BSK4X200L3967036;SCANIA;"K 310 B 4x2 Euro V";SI;JN:NACIONAL;SI;"OLEU:2027-09-05, IE:2027-09-05, AC:2030-12-31, OLP:2030-12-31"
AE229DI;201;"OFERTA LIBRE - EVENTO UNICO, INTERJURISDICCIONAL - EVENTO UNICO, SERVICIO COMÚN MEDIA DISTANCIA x AUTOPISTA, OFERTA LIBRE - PERIODICO";2020;49;2077;30546500086;"LA NUEVA METROPOL S.A.T.A.C.I.";28/02/2027;420348;CENT;"MEDIA DISTANCIA AUTOPISTA COMÚN";METALSUR;;2020-37371203;;024/20;CONTINENTAL;10137326;"194, 2077IE, 2077OE, 2077OP1, 2077OP11, 2077OP12, 2077OP13, 2077OP14, 2077OP15, 2077OP16, 2077OP17, 2077OP2, 2077OP23, 2077OP26, 2077OP27, 2077OP28, 2077OP29, 2077OP3, 2077OP30, 2077OP31, 2077OP32, 2077OP4";9BSK4X200L3967079;SCANIA;"K 310 B 4x2 Euro V";SI;JN:NACIONAL;SI;"OLEU:2027-09-05, IE:2027-09-05, AC:2030-12-31, OLP:2030-12-31"
AE229DM;202;"OFERTA LIBRE - EVENTO UNICO, INTERJURISDICCIONAL - EVENTO UNICO, SERVICIO COMÚN MEDIA DISTANCIA x AUTOPISTA, OFERTA LIBRE - PERIODICO";2020;49;2077;30546500086;"LA NUEVA METROPOL S.A.T.A.C.I.";01/01/2027;256372;CENT;"MEDIA DISTANCIA AUTOPISTA COMÚN";METALSUR;;2020-37371203;;024/20;CONTINENTAL;10137397;"194, 2077IE, 2077OE, 2077OP1, 2077OP11, 2077OP12, 2077OP13, 2077OP14, 2077OP15, 2077OP16, 2077OP17, 2077OP2, 2077OP23, 2077OP26, 2077OP27, 2077OP28, 2077OP29, 2077OP3, 2077OP30, 2077OP31, 2077OP32, 2077OP4";9BSK4X200L3967067;SCANIA;"K 310 B 4x2 Euro V";SI;JN:NACIONAL;SI;"OLEU:2027-09-05, IE:2027-09-05, AC:2030-12-31, OLP:2030-12-31"
AE229DO;203;"OFERTA LIBRE - EVENTO UNICO, INTERJURISDICCIONAL - EVENTO UNICO, SERVICIO COMÚN MEDIA DISTANCIA x AUTOPISTA, OFERTA LIBRE - PERIODICO";2020;49;2077;30546500086;"LA NUEVA METROPOL S.A.T.A.C.I.";29/12/2026;256269;CENT;"MEDIA DISTANCIA AUTOPISTA COMÚN";METALSUR;;2020-37371203;;024/20;CONTINENTAL;10137306;"194, 2077IE, 2077OE, 2077OP1, 2077OP11, 2077OP12, 2077OP13, 2077OP14, 2077OP15, 2077OP16, 2077OP17, 2077OP2, 2077OP23, 2077OP26, 2077OP27, 2077OP28, 2077OP29, 2077OP3, 2077OP30, 2077OP31, 2077OP32, 2077OP4";9BSK4X200L3967030;SCANIA;"K 310 B 4x2 Euro V";SI;JN:NACIONAL;SI;"OLEU:2027-09-05, IE:2027-09-05, AC:2030-12-31, OLP:2030-12-31"
AE229DU;204;"OFERTA LIBRE - EVENTO UNICO, INTERJURISDICCIONAL - EVENTO UNICO, SERVICIO COMÚN MEDIA DISTANCIA x AUTOPISTA, OFERTA LIBRE - PERIODICO";2020;49;2077;30546500086;"LA NUEVA METROPOL S.A.T.A.C.I.";01/01/2027;256340;CENT;"MEDIA DISTANCIA AUTOPISTA COMÚN";METALSUR;;2020-37371203;;024/20;CONTINENTAL;10137314;"194, 2077IE, 2077OE, 2077OP1, 2077OP11, 2077OP12, 2077OP13, 2077OP14, 2077OP15, 2077OP16, 2077OP17, 2077OP2, 2077OP23, 2077OP26, 2077OP27, 2077OP28, 2077OP29, 2077OP3, 2077OP30, 2077OP31, 2077OP32, 2077OP4";9BSK4X200L3967059;SCANIA;"K 310 B 4x2 Euro V";SI;JN:NACIONAL;SI;"OLEU:2027-09-05, IE:2027-09-05, AC:2030-12-31, OLP:2030-12-31"
AE229DX;205;"OFERTA LIBRE - EVENTO UNICO, INTERJURISDICCIONAL - EVENTO UNICO, SERVICIO COMÚN MEDIA DISTANCIA x AUTOPISTA, OFERTA LIBRE - PERIODICO";2020;49;2077;30546500086;"LA NUEVA METROPOL S.A.T.A.C.I.";02/01/2027;256392;CENT;"MEDIA DISTANCIA AUTOPISTA COMÚN";METALSUR;;2020-37371203;;024/20;CONTINENTAL;10137325;"195, 2077IE, 2077OE, 2077OP1, 2077OP11, 2077OP12, 2077OP13, 2077OP14, 2077OP15, 2077OP16, 2077OP17, 2077OP2, 2077OP23, 2077OP26, 2077OP27, 2077OP28, 2077OP29, 2077OP3, 2077OP30, 2077OP31, 2077OP32, 2077OP4";9BSK4X200L3967026;SCANIA;"K 310 B 4x2 Euro V";SI;JN:NACIONAL;SI;"OLEU:2027-09-05, IE:2027-09-05, AC:2030-12-31, OLP:2030-12-31"
AE325HM;212;"OFERTA LIBRE - EVENTO UNICO, INTERJURISDICCIONAL - EVENTO UNICO, SERVICIO COMÚN MEDIA DISTANCIA x AUTOPISTA, OFERTA LIBRE - PERIODICO";2020;49;2077;30546500086;"LA NUEVA METROPOL S.A.T.A.C.I.";08/10/2026;113729;CENT;"MEDIA DISTANCIA AUTOPISTA COMÚN";METALSUR;;2020-37371203;;024/20;CONTINENTAL;10137395;"194, 2077IE, 2077OE, 2077OP1, 2077OP11, 2077OP12, 2077OP13, 2077OP14, 2077OP15, 2077OP16, 2077OP17, 2077OP2, 2077OP23, 2077OP26, 2077OP27, 2077OP28, 2077OP29, 2077OP3, 2077OP30, 2077OP31, 2077OP32, 2077OP4";9BSK4X200L3967069;SCANIA;"K 310 B 4x2 Euro V";SI;JN:NACIONAL;SI;"OLEU:2027-09-05, IE:2027-09-05, AC:2030-12-31, OLP:2030-12-31"
AE325HN;211;"OFERTA LIBRE - EVENTO UNICO, INTERJURISDICCIONAL - EVENTO UNICO, SERVICIO COMÚN MEDIA DISTANCIA x AUTOPISTA, OFERTA LIBRE - PERIODICO";2020;49;2077;30546500086;"LA NUEVA METROPOL S.A.T.A.C.I.";11/02/2027;262171;CENT;"MEDIA DISTANCIA AUTOPISTA COMÚN";METALSUR;;2020-37371203;;024/20;CONTINENTAL;10137301;"195, 2077IE, 2077OE, 2077OP1, 2077OP11, 2077OP12, 2077OP13, 2077OP14, 2077OP15, 2077OP16, 2077OP17, 2077OP2, 2077OP23, 2077OP26, 2077OP27, 2077OP28, 2077OP29, 2077OP3, 2077OP30, 2077OP31, 2077OP32, 2077OP4";9BSK4X200L3967062;SCANIA;"K 310 B 4x2 Euro V";SI;JN:NACIONAL;SI;"OLEU:2027-09-05, IE:2027-09-05, AC:2030-12-31, OLP:2030-12-31"
AE325HO;209;"OFERTA LIBRE - EVENTO UNICO, INTERJURISDICCIONAL - EVENTO UNICO, SERVICIO COMÚN MEDIA DISTANCIA x AUTOPISTA, OFERTA LIBRE - PERIODICO";2020;49;2077;30546500086;"LA NUEVA METROPOL S.A.T.A.C.I.";10/10/2026;113784;CENT;"MEDIA DISTANCIA AUTOPISTA COMÚN";METALSUR;;2020-37371203;;024/20;CONTINENTAL;10137282;"195, 2077IE, 2077OE, 2077OP1, 2077OP11, 2077OP12, 2077OP13, 2077OP14, 2077OP15, 2077OP16, 2077OP17, 2077OP2, 2077OP23, 2077OP26, 2077OP27, 2077OP28, 2077OP29, 2077OP3, 2077OP30, 2077OP31, 2077OP32, 2077OP4";9BSK4X200L3967064;SCANIA;"K 310 B 4x2 Euro V";SI;JN:NACIONAL;SI;"OLEU:2027-09-05, IE:2027-09-05, AC:2030-12-31, OLP:2030-12-31"
AE325HP;208;"OFERTA LIBRE - EVENTO UNICO, INTERJURISDICCIONAL - EVENTO UNICO, SERVICIO COMÚN MEDIA DISTANCIA x AUTOPISTA, OFERTA LIBRE - PERIODICO";2020;49;2077;30546500086;"LA NUEVA METROPOL S.A.T.A.C.I.";30/09/2026;67519;CENT;"MEDIA DISTANCIA AUTOPISTA COMÚN";METALSUR;;2020-37371203;;024/20;CONTINENTAL;10137356;"195, 2077IE, 2077OE, 2077OP1, 2077OP11, 2077OP12, 2077OP13, 2077OP14, 2077OP15, 2077OP16, 2077OP17, 2077OP2, 2077OP23, 2077OP26, 2077OP27, 2077OP28, 2077OP29, 2077OP3, 2077OP30, 2077OP31, 2077OP32, 2077OP4";9BSK4X200L3967077;SCANIA;"K 310 B 4x2 Euro V";SI;JN:NACIONAL;SI;"OLEU:2027-09-05, IE:2027-09-05, AC:2030-12-31, OLP:2030-12-31"
AE325HU;213;"OFERTA LIBRE - EVENTO UNICO, INTERJURISDICCIONAL - EVENTO UNICO, SERVICIO COMÚN MEDIA DISTANCIA x AUTOPISTA, OFERTA LIBRE - PERIODICO";2020;49;2077;30546500086;"LA NUEVA METROPOL S.A.T.A.C.I.";03/03/2027;422090;CENT;"MEDIA DISTANCIA AUTOPISTA COMÚN";METALSUR;;2020-37371203;;024/20;CONTINENTAL;10137297;"194, 2077IE, 2077OE, 2077OP1, 2077OP11, 2077OP12, 2077OP13, 2077OP14, 2077OP15, 2077OP16, 2077OP17, 2077OP2, 2077OP23, 2077OP26, 2077OP27, 2077OP28, 2077OP29, 2077OP3, 2077OP30, 2077OP31, 2077OP32, 2077OP4";9BSK4X200L3967052;SCANIA;"K 310 B 4x2 Euro V";SI;JN:NACIONAL;SI;"OLEU:2027-09-05, IE:2027-09-05, AC:2030-12-31, OLP:2030-12-31"
AE325HV;206;"OFERTA LIBRE - EVENTO UNICO, INTERJURISDICCIONAL - EVENTO UNICO, SERVICIO COMÚN MEDIA DISTANCIA x AUTOPISTA, OFERTA LIBRE - PERIODICO";2020;49;2077;30546500086;"LA NUEVA METROPOL S.A.T.A.C.I.";30/09/2026;67516;CENT;"MEDIA DISTANCIA AUTOPISTA COMÚN";METALSUR;;2020-37371203;;024/20;CONTINENTAL;10137402;"194, 2077IE, 2077OE, 2077OP1, 2077OP11, 2077OP12, 2077OP13, 2077OP14, 2077OP15, 2077OP16, 2077OP17, 2077OP2, 2077OP23, 2077OP26, 2077OP27, 2077OP28, 2077OP29, 2077OP3, 2077OP30, 2077OP31, 2077OP32, 2077OP4";9BSK4X200L3967074;SCANIA;"K 310 B 4x2 Euro V";SI;JN:NACIONAL;SI;"OLEU:2027-09-05, IE:2027-09-05, AC:2030-12-31, OLP:2030-12-31"
AE325HW;207;"OFERTA LIBRE - EVENTO UNICO, INTERJURISDICCIONAL - EVENTO UNICO, SERVICIO COMÚN MEDIA DISTANCIA x AUTOPISTA, OFERTA LIBRE - PERIODICO";2020;49;2077;30546500086;"LA NUEVA METROPOL S.A.T.A.C.I.";30/01/2027;260277;CENT;"MEDIA DISTANCIA AUTOPISTA COMÚN";METALSUR;;2020-37371203;;024/20;CONTINENTAL;10137392;"194, 2077IE, 2077OE, 2077OP1, 2077OP11, 2077OP12, 2077OP13, 2077OP14, 2077OP15, 2077OP16, 2077OP17, 2077OP2, 2077OP23, 2077OP26, 2077OP27, 2077OP28, 2077OP29, 2077OP3, 2077OP30, 2077OP31, 2077OP32, 2077OP4";9BSK4X200L3967072;SCANIA;"K 310 B 4x2 Euro V";SI;JN:NACIONAL;SI;"OLEU:2027-09-05, IE:2027-09-05, AC:2030-12-31, OLP:2030-12-31"
AE325HZ;214;"OFERTA LIBRE - EVENTO UNICO, INTERJURISDICCIONAL - EVENTO UNICO, SERVICIO COMÚN MEDIA DISTANCIA x AUTOPISTA, OFERTA LIBRE - PERIODICO";2020;49;2077;30546500086;"LA NUEVA METROPOL S.A.T.A.C.I.";03/02/2027;261957;CENT;"MEDIA DISTANCIA AUTOPISTA COMÚN";METALSUR;;2020-37371203;;024/20;CONTINENTAL;10137331;"195, 2077IE, 2077OE, 2077OP1, 2077OP11, 2077OP12, 2077OP13, 2077OP14, 2077OP15, 2077OP16, 2077OP17, 2077OP2, 2077OP23, 2077OP26, 2077OP27, 2077OP28, 2077OP29, 2077OP3, 2077OP30, 2077OP31, 2077OP32, 2077OP4";9BSK4X200L3967081;SCANIA;"K 310 B 4x2 Euro V";SI;JN:NACIONAL;SI;"OLEU:2027-09-05, IE:2027-09-05, AC:2030-12-31, OLP:2030-12-31"
AE371TA;224;"SERVICIO COMÚN MEDIA DISTANCIA x AUTOPISTA";2020;49;2077;30546500086;"LA NUEVA METROPOL S.A.T.A.C.I.";25/12/2026;255810;CENT;"MEDIA DISTANCIA AUTOPISTA COMÚN";METALSUR;;2020-37371203;;024/20;CONTINENTAL;10137327;194;9BSK4X200L3967084;SCANIA;"K 310 B 4x2 Euro V";SI;JN:NACIONAL;SI;AC:2030-12-31
AE371TB;217;"OFERTA LIBRE - EVENTO UNICO, INTERJURISDICCIONAL - EVENTO UNICO, SERVICIO COMÚN MEDIA DISTANCIA x AUTOPISTA, OFERTA LIBRE - PERIODICO";2020;49;2077;30546500086;"LA NUEVA METROPOL S.A.T.A.C.I.";30/09/2026;67513;CENT;"MEDIA DISTANCIA AUTOPISTA COMÚN";METALSUR;;2020-37371203;;024/20;CONTINENTAL;10137316;"194, 2077IE, 2077OE, 2077OP1, 2077OP11, 2077OP12, 2077OP13, 2077OP14, 2077OP15, 2077OP16, 2077OP17, 2077OP2, 2077OP23, 2077OP26, 2077OP27, 2077OP28, 2077OP29, 2077OP3, 2077OP30, 2077OP31, 2077OP32, 2077OP4";9BSK4X200L3967057;SCANIA;"K 310 B 4x2 Euro V";SI;JN:NACIONAL;SI;"OLEU:2027-09-05, IE:2027-09-05, AC:2030-12-31, OLP:2030-12-31"
AE371TC;220;"OFERTA LIBRE - EVENTO UNICO, INTERJURISDICCIONAL - EVENTO UNICO, SERVICIO COMÚN MEDIA DISTANCIA x AUTOPISTA, OFERTA LIBRE - PERIODICO";2020;49;2077;30546500086;"LA NUEVA METROPOL S.A.T.A.C.I.";02/03/2027;422058;CENT;"MEDIA DISTANCIA AUTOPISTA COMÚN";METALSUR;;2020-37371203;;024/20;CONTINENTAL;10137322;"195, 2077IE, 2077OE, 2077OP1, 2077OP11, 2077OP12, 2077OP13, 2077OP14, 2077OP15, 2077OP16, 2077OP17, 2077OP2, 2077OP23, 2077OP26, 2077OP27, 2077OP28, 2077OP29, 2077OP3, 2077OP30, 2077OP31, 2077OP32, 2077OP4";9BSK4X200L3967041;SCANIA;"K 310 B 4x2 Euro V";SI;JN:NACIONAL;SI;"OLEU:2027-09-05, IE:2027-09-05, AC:2030-12-31, OLP:2030-12-31"
AE371TE;219;"OFERTA LIBRE - EVENTO UNICO, INTERJURISDICCIONAL - EVENTO UNICO, SERVICIO COMÚN MEDIA DISTANCIA x AUTOPISTA, OFERTA LIBRE - PERIODICO";2020;49;2077;30546500086;"LA NUEVA METROPOL S.A.T.A.C.I.";01/10/2026;113613;CENT;"MEDIA DISTANCIA AUTOPISTA COMÚN";METALSUR;;2020-37371203;;024/20;CONTINENTAL;10137341;"195, 2077IE, 2077OE, 2077OP1, 2077OP11, 2077OP12, 2077OP13, 2077OP14, 2077OP15, 2077OP16, 2077OP17, 2077OP2, 2077OP23, 2077OP26, 2077OP27, 2077OP28, 2077OP29, 2077OP3, 2077OP30, 2077OP31, 2077OP32, 2077OP4";9BSK4X200L3967038;SCANIA;"K 310 B 4x2 Euro V";SI;JN:NACIONAL;SI;"OLEU:2027-09-05, IE:2027-09-05, AC:2030-12-31, OLP:2030-12-31"
AE371TF;221;"OFERTA LIBRE - EVENTO UNICO, INTERJURISDICCIONAL - EVENTO UNICO, SERVICIO COMÚN MEDIA DISTANCIA x AUTOPISTA, OFERTA LIBRE - PERIODICO";2020;49;2077;30546500086;"LA NUEVA METROPOL S.A.T.A.C.I.";28/01/2027;260217;CENT;"MEDIA DISTANCIA AUTOPISTA COMÚN";METALSUR;;2020-37371203;;024/20;CONTINENTAL;10137313;"194, 2077IE, 2077OE, 2077OP1, 2077OP11, 2077OP12, 2077OP13, 2077OP14, 2077OP15, 2077OP16, 2077OP17, 2077OP2, 2077OP23, 2077OP26, 2077OP27, 2077OP28, 2077OP29, 2077OP3, 2077OP30, 2077OP31, 2077OP32, 2077OP4";9BSK4X200L3967046;SCANIA;"K 310 B 4x2 Euro V";SI;JN:NACIONAL;SI;"OLEU:2027-09-05, IE:2027-09-05, AC:2030-12-31, OLP:2030-12-31"
AE371TI;222;"OFERTA LIBRE - EVENTO UNICO, INTERJURISDICCIONAL - EVENTO UNICO, SERVICIO COMÚN MEDIA DISTANCIA x AUTOPISTA, OFERTA LIBRE - PERIODICO";2020;49;2077;30546500086;"LA NUEVA METROPOL S.A.T.A.C.I.";28/02/2027;420344;CENT;"MEDIA DISTANCIA AUTOPISTA COMÚN";METALSUR;;2020-37371203;;024/20;CONTINENTAL;10137315;"194, 2077IE, 2077OE, 2077OP1, 2077OP11, 2077OP12, 2077OP13, 2077OP14, 2077OP15, 2077OP16, 2077OP17, 2077OP2, 2077OP23, 2077OP26, 2077OP27, 2077OP28, 2077OP29, 2077OP3, 2077OP30, 2077OP31, 2077OP32, 2077OP4";9BSK4X200L3967049;SCANIA;"K 310 B 4x2 Euro V";SI;JN:NACIONAL;SI;"OLEU:2027-09-05, IE:2027-09-05, AC:2030-12-31, OLP:2030-12-31"
AE371TJ;223;"OFERTA LIBRE - EVENTO UNICO, INTERJURISDICCIONAL - EVENTO UNICO, SERVICIO COMÚN MEDIA DISTANCIA x AUTOPISTA, OFERTA LIBRE - PERIODICO";2020;49;2077;30546500086;"LA NUEVA METROPOL S.A.T.A.C.I.";30/09/2026;67542;CENT;"MEDIA DISTANCIA AUTOPISTA COMÚN";METALSUR;;2020-37371203;;024/20;CONTINENTAL;10137319;"194, 2077IE, 2077OE, 2077OP1, 2077OP11, 2077OP12, 2077OP13, 2077OP14, 2077OP15, 2077OP16, 2077OP17, 2077OP2, 2077OP23, 2077OP26, 2077OP27, 2077OP28, 2077OP29, 2077OP3, 2077OP30, 2077OP31, 2077OP32, 2077OP4";9BSK4X200L3967054;SCANIA;"K 310 B 4x2 Euro V";SI;JN:NACIONAL;SI;"OLEU:2027-09-05, IE:2027-09-05, AC:2030-12-31, OLP:2030-12-31"
AE371TK;225;"OFERTA LIBRE - EVENTO UNICO, INTERJURISDICCIONAL - EVENTO UNICO, SERVICIO COMÚN MEDIA DISTANCIA x AUTOPISTA, OFERTA LIBRE - PERIODICO";2020;49;2077;30546500086;"LA NUEVA METROPOL S.A.T.A.C.I.";30/09/2026;67527;CENT;"MEDIA DISTANCIA AUTOPISTA COMÚN";METALSUR;;2020-37371203;;024/20;CONTINENTAL;10137355;"195, 2077IE, 2077OE, 2077OP1, 2077OP11, 2077OP12, 2077OP13, 2077OP14, 2077OP15, 2077OP16, 2077OP17, 2077OP2, 2077OP23, 2077OP26, 2077OP27, 2077OP28, 2077OP29, 2077OP3, 2077OP30, 2077OP31, 2077OP32, 2077OP4";9BSK4X200L3967043;SCANIA;"K 310 B 4x2 Euro V";SI;JN:NACIONAL;SI;"OLEU:2027-09-05, IE:2027-09-05, AC:2030-12-31, OLP:2030-12-31"
AE371TV;218;"OFERTA LIBRE - EVENTO UNICO, INTERJURISDICCIONAL - EVENTO UNICO, SERVICIO COMÚN MEDIA DISTANCIA x AUTOPISTA, OFERTA LIBRE - PERIODICO";2020;49;2077;30546500086;"LA NUEVA METROPOL S.A.T.A.C.I.";27/09/2026;67445;CENT;"MEDIA DISTANCIA AUTOPISTA COMÚN";METALSUR;;2020-37371203;;024/20;CONTINENTAL;10137308;"194, 2077IE, 2077OE, 2077OP1, 2077OP11, 2077OP12, 2077OP13, 2077OP14, 2077OP15, 2077OP16, 2077OP17, 2077OP2, 2077OP23, 2077OP26, 2077OP27, 2077OP28, 2077OP29, 2077OP3, 2077OP30, 2077OP31, 2077OP32, 2077OP4";9BSK4X200L3967032;SCANIA;"K 310 B 4x2 Euro V";SI;JN:NACIONAL;SI;"OLEU:2027-09-05, IE:2027-09-05, AC:2030-12-31, OLP:2030-12-31"
AE371TW;216;"OFERTA LIBRE - EVENTO UNICO, INTERJURISDICCIONAL - EVENTO UNICO, SERVICIO COMÚN MEDIA DISTANCIA x AUTOPISTA, OFERTA LIBRE - PERIODICO";2020;49;2077;30546500086;"LA NUEVA METROPOL S.A.T.A.C.I.";06/10/2026;113660;CENT;"MEDIA DISTANCIA AUTOPISTA COMÚN";METALSUR;;2020-37371203;;024/20;CONTINENTAL;10153869;"194, 2077IE, 2077OE, 2077OP1, 2077OP11, 2077OP12, 2077OP13, 2077OP14, 2077OP15, 2077OP16, 2077OP17, 2077OP2, 2077OP23, 2077OP26, 2077OP27, 2077OP28, 2077OP29, 2077OP3, 2077OP30, 2077OP31, 2077OP32, 2077OP4";9BSK4X200L3967086;SCANIA;"K 310 B 4x2 Euro V";SI;JN:NACIONAL;SI;"OLEU:2027-09-05, IE:2027-09-05, AC:2030-12-31, OLP:2030-12-31"
AE371TX;215;"OFERTA LIBRE - EVENTO UNICO, INTERJURISDICCIONAL - EVENTO UNICO, SERVICIO COMÚN MEDIA DISTANCIA x AUTOPISTA, OFERTA LIBRE - PERIODICO";2020;49;2077;30546500086;"LA NUEVA METROPOL S.A.T.A.C.I.";09/10/2026;113745;CENT;"MEDIA DISTANCIA AUTOPISTA COMÚN";METALSUR;;2020-37371203;;024/20;CONTINENTAL;10153871;"195, 2077IE, 2077OE, 2077OP1, 2077OP11, 2077OP12, 2077OP13, 2077OP14, 2077OP15, 2077OP16, 2077OP17, 2077OP2, 2077OP23, 2077OP26, 2077OP27, 2077OP28, 2077OP29, 2077OP3, 2077OP30, 2077OP31, 2077OP32, 2077OP4";9BSK4X200L3967089;SCANIA;"K 310 B 4x2 Euro V";SI;JN:NACIONAL;SI;"OLEU:2027-09-05, IE:2027-09-05, AC:2030-12-31, OLP:2030-12-31"
AF364JO;;"OFERTA LIBRE - EVENTO UNICO, INTERJURISDICCIONAL - EVENTO UNICO, OFERTA LIBRE - PERIODICO";2022;45;2077;30546500086;"LA NUEVA METROPOL S.A.T.A.C.I.";04/01/2027;256442;CENT;"INTERURBANO COMÚN CON AIRE ACONDICIONADO";METALSUR;;2019-90525712;;063/19;CONTINENTAL;10365030;"2077IE, 2077OE, 2077OP1, 2077OP11, 2077OP12, 2077OP13, 2077OP14, 2077OP15, 2077OP16, 2077OP17, 2077OP2, 2077OP23, 2077OP26, 2077OP27, 2077OP28, 2077OP29, 2077OP3, 2077OP30, 2077OP31, 2077OP32, 2077OP4";9BSK4X200N4011886;SCANIA;"K 310 B 4x2 Euro V";NO;JN:NACIONAL;SI;"OLEU:2027-09-05, IE:2027-09-05, OLP:2030-12-31"
AF364JP;;"OFERTA LIBRE - EVENTO UNICO, INTERJURISDICCIONAL - EVENTO UNICO, OFERTA LIBRE - PERIODICO";2022;45;2077;30546500086;"LA NUEVA METROPOL S.A.T.A.C.I.";09/11/2026;118287;CENT;"INTERURBANO COMÚN CON AIRE ACONDICIONADO";METALSUR;;2019-90525712;;063/19;CONTINENTAL;10365005;"2077IE, 2077OE, 2077OP1, 2077OP11, 2077OP12, 2077OP13, 2077OP14, 2077OP15, 2077OP16, 2077OP17, 2077OP2, 2077OP23, 2077OP26, 2077OP27, 2077OP28, 2077OP29, 2077OP3, 2077OP30, 2077OP31, 2077OP32, 2077OP4";9BSK4X200N4011877;SCANIA;"K 310 B 4x2 Euro V";NO;JN:NACIONAL;SI;"OLEU:2027-09-05, IE:2027-09-05, OLP:2030-12-31"
AF364JQ;;"OFERTA LIBRE - EVENTO UNICO, INTERJURISDICCIONAL - EVENTO UNICO, OFERTA LIBRE - PERIODICO";2022;45;2077;30546500086;"LA NUEVA METROPOL S.A.T.A.C.I.";11/10/2026;114401;CENT;"INTERURBANO COMÚN CON AIRE ACONDICIONADO";METALSUR;;2019-90525712;;063/19;CONTINENTAL;10364102;"2077IE, 2077OE, 2077OP1, 2077OP11, 2077OP12, 2077OP13, 2077OP14, 2077OP15, 2077OP16, 2077OP17, 2077OP2, 2077OP23, 2077OP26, 2077OP27, 2077OP28, 2077OP29, 2077OP3, 2077OP30, 2077OP31, 2077OP32, 2077OP4";9BSK4X200N4011857;SCANIA;"K 310 B 4x2 Euro V";NO;JN:NACIONAL;SI;"OLEU:2027-09-05, IE:2027-09-05, OLP:2030-12-31"
AF364JR;;"OFERTA LIBRE - EVENTO UNICO, INTERJURISDICCIONAL - EVENTO UNICO, OFERTA LIBRE - PERIODICO";2022;45;2077;30546500086;"LA NUEVA METROPOL S.A.T.A.C.I.";03/02/2027;260347;CENT;"INTERURBANO COMÚN CON AIRE ACONDICIONADO";METALSUR;;2019-90525712;;063/19;CONTINENTAL;10365040;"2077IE, 2077OE, 2077OP1, 2077OP11, 2077OP12, 2077OP13, 2077OP14, 2077OP15, 2077OP16, 2077OP17, 2077OP2, 2077OP23, 2077OP26, 2077OP27, 2077OP28, 2077OP29, 2077OP3, 2077OP30, 2077OP31, 2077OP32, 2077OP4";9BSK4X200N4011868;SCANIA;"K 310 B 4x2 Euro V";NO;JN:NACIONAL;SI;"OLEU:2027-09-05, IE:2027-09-05, OLP:2030-12-31"
AF364JS;;"OFERTA LIBRE - EVENTO UNICO, INTERJURISDICCIONAL - EVENTO UNICO, OFERTA LIBRE - PERIODICO";2022;45;2077;30546500086;"LA NUEVA METROPOL S.A.T.A.C.I.";21/09/2026;67347;CENT;"INTERURBANO COMÚN CON AIRE ACONDICIONADO";METALSUR;;2019-90525712;;063/19;CONTINENTAL;10365032;"2077IE, 2077OE, 2077OP1, 2077OP11, 2077OP12, 2077OP13, 2077OP14, 2077OP15, 2077OP16, 2077OP17, 2077OP2, 2077OP23, 2077OP26, 2077OP27, 2077OP28, 2077OP29, 2077OP3, 2077OP30, 2077OP31, 2077OP32, 2077OP4";9BSK4X200N4011879;SCANIA;"K 310 B 4x2 Euro V";NO;JN:NACIONAL;SI;"OLEU:2027-09-05, IE:2027-09-05, OLP:2030-12-31"
AF364JT;;"OFERTA LIBRE - EVENTO UNICO, INTERJURISDICCIONAL - EVENTO UNICO, OFERTA LIBRE - PERIODICO";2022;45;2077;30546500086;"LA NUEVA METROPOL S.A.T.A.C.I.";09/11/2026;118274;CENT;"INTERURBANO COMÚN CON AIRE ACONDICIONADO";METALSUR;;2019-90525712;;063/19;CONTINENTAL;10364124;"2077IE, 2077OE, 2077OP1, 2077OP11, 2077OP12, 2077OP13, 2077OP14, 2077OP15, 2077OP16, 2077OP17, 2077OP2, 2077OP23, 2077OP26, 2077OP27, 2077OP28, 2077OP29, 2077OP3, 2077OP30, 2077OP31, 2077OP32, 2077OP4";9BSK4X200N4011866;SCANIA;"K 310 B 4x2 Euro V";NO;JN:NACIONAL;SI;"OLEU:2027-09-05, IE:2027-09-05, OLP:2030-12-31"
AF399KA;;"OFERTA LIBRE - EVENTO UNICO, INTERJURISDICCIONAL - EVENTO UNICO, OFERTA LIBRE - PERIODICO";2022;13;2077;30546500086;"LA NUEVA METROPOL S.A.T.A.C.I.";07/10/2026;113705;CENT;"TURISMO / O. LIBRE";TOYOTA;"HIACE COMMUTER 2.8 TDI 6AT 14A";2021-21159431;;2021-770;"SEVA DT-1050";3718305618;"2077IE, 2077OE, 2077OP1, 2077OP11, 2077OP12, 2077OP13, 2077OP14, 2077OP15, 2077OP16, 2077OP17, 2077OP2, 2077OP23, 2077OP26, 2077OP27, 2077OP28, 2077OP29, 2077OP3, 2077OP30, 2077OP31, 2077OP32, 2077OP4";JTFEB8CP7N6033208;TOYOTA;"HIACE COMMUTER";NO;JN:NACIONAL;SI;"OLEU:2027-09-05, IE:2027-09-05, OLP:2030-12-31"
AF437AN;971;"OFERTA LIBRE - EVENTO UNICO, INTERJURISDICCIONAL - EVENTO UNICO, SERVICIO COMÚN MEDIA DISTANCIA x AUTOPISTA, OFERTA LIBRE - PERIODICO";2022;45;2077;30546500086;"LA NUEVA METROPOL S.A.T.A.C.I.";01/01/2027;256336;CENT;"MEDIA DISTANCIA AUTOPISTA DIFERENCIAL";MARCOPOLO.;TORINO;2022-64321700;;2022-69949888;CONTINENTAL;10344152;"194, 2077IE, 2077OE, 2077OP1, 2077OP11, 2077OP12, 2077OP13, 2077OP14, 2077OP15, 2077OP16, 2077OP17, 2077OP2, 2077OP23, 2077OP26, 2077OP27, 2077OP28, 2077OP29, 2077OP3, 2077OP30, 2077OP31, 2077OP32, 2077OP4";9BSK4X200N4010291;SCANIA;"K 250 B 4x2 Euro V";NO;JN:NACIONAL;SI;"OLEU:2027-09-05, IE:2027-09-05, AC:2032-12-31, OLP:2030-12-31"
AF437AP;977;"OFERTA LIBRE - EVENTO UNICO, INTERJURISDICCIONAL - EVENTO UNICO, SERVICIO COMÚN MEDIA DISTANCIA x AUTOPISTA, OFERTA LIBRE - PERIODICO";2022;45;2077;30546500086;"LA NUEVA METROPOL S.A.T.A.C.I.";23/12/2026;255721;CENT;"MEDIA DISTANCIA AUTOPISTA DIFERENCIAL";MARCOPOLO.;TORINO;2022-64321700;;2022-69949888;CONTINENTAL;10344157;"194, 2077IE, 2077OE, 2077OP1, 2077OP11, 2077OP12, 2077OP13, 2077OP14, 2077OP15, 2077OP16, 2077OP17, 2077OP2, 2077OP23, 2077OP26, 2077OP27, 2077OP28, 2077OP29, 2077OP3, 2077OP30, 2077OP31, 2077OP32, 2077OP4";9BSK4X200N4010297;SCANIA;"K 250 B 4x2 Euro V";NO;JN:NACIONAL;SI;"OLEU:2027-09-05, IE:2027-09-05, AC:2032-12-31, OLP:2030-12-31"
AF437AQ;976;"OFERTA LIBRE - EVENTO UNICO, INTERJURISDICCIONAL - EVENTO UNICO, SERVICIO COMÚN MEDIA DISTANCIA x AUTOPISTA, OFERTA LIBRE - PERIODICO";2022;45;2077;30546500086;"LA NUEVA METROPOL S.A.T.A.C.I.";28/01/2027;260228;CENT;"MEDIA DISTANCIA AUTOPISTA DIFERENCIAL";MARCOPOLO.;TORINO;2022-64321700;;2022-69949888;CONTINENTAL;10344162;"194, 2077IE, 2077OE, 2077OP1, 2077OP11, 2077OP12, 2077OP13, 2077OP14, 2077OP15, 2077OP16, 2077OP17, 2077OP2, 2077OP23, 2077OP26, 2077OP27, 2077OP28, 2077OP29, 2077OP3, 2077OP30, 2077OP31, 2077OP32, 2077OP4";9BSK4X200N4010289;SCANIA;"K 250 B 4x2 Euro V";NO;JN:NACIONAL;SI;"OLEU:2027-09-05, IE:2027-09-05, AC:2032-12-31, OLP:2030-12-31"
AF494AV;987;"OFERTA LIBRE - EVENTO UNICO, INTERJURISDICCIONAL - EVENTO UNICO, SERVICIO COMÚN MEDIA DISTANCIA x AUTOPISTA, OFERTA LIBRE - PERIODICO";2022;45;2077;30546500086;"LA NUEVA METROPOL S.A.T.A.C.I.";30/12/2026;256304;CENT;"MEDIA DISTANCIA AUTOPISTA DIFERENCIAL";MARCOPOLO.;TORINO;2022-64321700;;2022-69949888;CONTINENTAL;10361881;"194, 2077IE, 2077OE, 2077OP1, 2077OP11, 2077OP12, 2077OP13, 2077OP14, 2077OP15, 2077OP16, 2077OP17, 2077OP2, 2077OP23, 2077OP26, 2077OP27, 2077OP28, 2077OP29, 2077OP3, 2077OP30, 2077OP31, 2077OP32, 2077OP4";9BSK4X200N4010857;SCANIA;"K 250 B 4x2 Euro V";NO;JN:NACIONAL;SI;"OLEU:2027-09-05, IE:2027-09-05, AC:2032-12-31, OLP:2030-12-31"
AF494AX;910;"OFERTA LIBRE - EVENTO UNICO, INTERJURISDICCIONAL - EVENTO UNICO, SERVICIO COMÚN MEDIA DISTANCIA x AUTOPISTA, OFERTA LIBRE - PERIODICO";2022;45;2077;30546500086;"LA NUEVA METROPOL S.A.T.A.C.I.";03/01/2027;256427;CENT;"MEDIA DISTANCIA AUTOPISTA DIFERENCIAL";MARCOPOLO.;TORINO;2022-64321700;;2022-69949888;CONTINENTAL;10345880;"195, 2077IE, 2077OE, 2077OP1, 2077OP11, 2077OP12, 2077OP13, 2077OP14, 2077OP15, 2077OP16, 2077OP17, 2077OP2, 2077OP23, 2077OP26, 2077OP27, 2077OP28, 2077OP29, 2077OP3, 2077OP30, 2077OP31, 2077OP32, 2077OP4";9BSK4X200N4010322;SCANIA;"K 250 B 4x2 Euro V";NO;JN:NACIONAL;SI;"OLEU:2027-09-05, IE:2027-09-05, AC:2032-12-31, OLP:2030-12-31"
AF494AY;991;"OFERTA LIBRE - EVENTO UNICO, INTERJURISDICCIONAL - EVENTO UNICO, SERVICIO COMÚN MEDIA DISTANCIA x AUTOPISTA, OFERTA LIBRE - PERIODICO";2022;45;2077;30546500086;"LA NUEVA METROPOL S.A.T.A.C.I.";25/12/2026;255792;CENT;"MEDIA DISTANCIA AUTOPISTA DIFERENCIAL";MARCOPOLO.;TORINO;2022-64321700;;2022-69949888;CONTINENTAL;10335923;"194, 2077IE, 2077OE, 2077OP1, 2077OP11, 2077OP12, 2077OP13, 2077OP14, 2077OP15, 2077OP16, 2077OP17, 2077OP2, 2077OP23, 2077OP26, 2077OP27, 2077OP28, 2077OP29, 2077OP3, 2077OP30, 2077OP31, 2077OP32, 2077OP4";9BSK4X200N4010315;SCANIA;"K 250 B 4x2 Euro V";NO;JN:NACIONAL;SI;"OLEU:2027-09-05, IE:2027-09-05, AC:2032-12-31, OLP:2030-12-31"
AF515EC;931;"OFERTA LIBRE - EVENTO UNICO, INTERJURISDICCIONAL - EVENTO UNICO, SERVICIO COMÚN MEDIA DISTANCIA x AUTOPISTA, OFERTA LIBRE - PERIODICO";2022;45;2077;30546500086;"LA NUEVA METROPOL S.A.T.A.C.I.";30/01/2027;260270;CENT;"MEDIA DISTANCIA AUTOPISTA DIFERENCIAL";MARCOPOLO.;TORINO;2022-64321700;;2022-69949888;CONTINENTAL;10361891;"194, 2077IE, 2077OE, 2077OP1, 2077OP11, 2077OP12, 2077OP13, 2077OP14, 2077OP15, 2077OP16, 2077OP17, 2077OP2, 2077OP23, 2077OP26, 2077OP27, 2077OP28, 2077OP29, 2077OP3, 2077OP30, 2077OP31, 2077OP32, 2077OP4";9BSK4X200N4011201;SCANIA;"K 250 B 4x2 Euro V";NO;JN:NACIONAL;SI;"OLEU:2027-09-05, IE:2027-09-05, AC:2032-12-31, OLP:2030-12-31"
AF515ED;983;"OFERTA LIBRE - EVENTO UNICO, INTERJURISDICCIONAL - EVENTO UNICO, SERVICIO COMÚN MEDIA DISTANCIA x AUTOPISTA, OFERTA LIBRE - PERIODICO";2022;43;2077;30546500086;"LA NUEVA METROPOL S.A.T.A.C.I.";18/12/2026;255645;CENT;"MEDIA DISTANCIA AUTOPISTA DIFERENCIAL";MARCOPOLO.;TORINO;2022-64321700;;2022-69949888;CONTINENTAL;10335902;"194, 2077IE, 2077OE, 2077OP1, 2077OP11, 2077OP12, 2077OP13, 2077OP14, 2077OP15, 2077OP16, 2077OP17, 2077OP2, 2077OP23, 2077OP26, 2077OP27, 2077OP28, 2077OP29, 2077OP3, 2077OP30, 2077OP31, 2077OP32, 2077OP4";9BSK4X200N4010307;SCANIA;"K 250 B 4x2 Euro V";NO;JN:NACIONAL;SI;"OLEU:2027-09-05, IE:2027-09-05, AC:2032-12-31, OLP:2030-12-31"
AF515EE;981;"OFERTA LIBRE - EVENTO UNICO, INTERJURISDICCIONAL - EVENTO UNICO, SERVICIO COMÚN MEDIA DISTANCIA x AUTOPISTA, OFERTA LIBRE - PERIODICO";2022;45;2077;30546500086;"LA NUEVA METROPOL S.A.T.A.C.I.";01/03/2027;420418;CENT;"MEDIA DISTANCIA AUTOPISTA DIFERENCIAL";MARCOPOLO.;TORINO;2022-64321700;;2022-69949888;CONTINENTAL;10361929;"194, 2077IE, 2077OE, 2077OP1, 2077OP11, 2077OP12, 2077OP13, 2077OP14, 2077OP15, 2077OP16, 2077OP17, 2077OP2, 2077OP23, 2077OP26, 2077OP27, 2077OP28, 2077OP29, 2077OP3, 2077OP30, 2077OP31, 2077OP32, 2077OP4";9BSK4X200N4010855;SCANIA;"K 250 B 4x2 Euro V";NO;JN:NACIONAL;SI;"OLEU:2027-09-05, IE:2027-09-05, AC:2032-12-31, OLP:2030-12-31"
AF515EF;988;"OFERTA LIBRE - EVENTO UNICO, INTERJURISDICCIONAL - EVENTO UNICO, SERVICIO COMÚN MEDIA DISTANCIA x AUTOPISTA, OFERTA LIBRE - PERIODICO";2022;45;2077;30546500086;"LA NUEVA METROPOL S.A.T.A.C.I.";01/01/2027;256358;CENT;"MEDIA DISTANCIA AUTOPISTA DIFERENCIAL";MARCOPOLO.;TORINO;2022-64321700;;2022-69949888;CONTINENTAL;10334722;"194, 2077IE, 2077OE, 2077OP1, 2077OP11, 2077OP12, 2077OP13, 2077OP14, 2077OP15, 2077OP16, 2077OP17, 2077OP2, 2077OP23, 2077OP26, 2077OP27, 2077OP28, 2077OP29, 2077OP3, 2077OP30, 2077OP31, 2077OP32, 2077OP4";9BSK4X200N4010313;SCANIA;"K 250 B 4x2 Euro V";NO;JN:NACIONAL;SI;"OLEU:2027-09-05, IE:2027-09-05, AC:2032-12-31, OLP:2030-12-31"
AF515EH;930;"OFERTA LIBRE - EVENTO UNICO, INTERJURISDICCIONAL - EVENTO UNICO, SERVICIO COMÚN MEDIA DISTANCIA x AUTOPISTA, OFERTA LIBRE - PERIODICO";2022;45;2077;30546500086;"LA NUEVA METROPOL S.A.T.A.C.I.";02/01/2027;256374;CENT;"MEDIA DISTANCIA AUTOPISTA DIFERENCIAL";MARCOPOLO.;TORINO;2022-64321700;;2022-69949888;CONTINENTAL;10361867;"194, 2077IE, 2077OE, 2077OP1, 2077OP11, 2077OP12, 2077OP13, 2077OP14, 2077OP15, 2077OP16, 2077OP17, 2077OP2, 2077OP23, 2077OP26, 2077OP27, 2077OP28, 2077OP29, 2077OP3, 2077OP30, 2077OP31, 2077OP32, 2077OP4";9BSK4X200N4011197;SCANIA;"K 250 B 4x2 Euro V";NO;JN:NACIONAL;SI;"OLEU:2027-09-05, IE:2027-09-05, AC:2032-12-31, OLP:2030-12-31"
AF515EI;927;"OFERTA LIBRE - EVENTO UNICO, INTERJURISDICCIONAL - EVENTO UNICO, SERVICIO COMÚN MEDIA DISTANCIA x AUTOPISTA, OFERTA LIBRE - PERIODICO";2022;45;2077;30546500086;"LA NUEVA METROPOL S.A.T.A.C.I.";28/02/2027;420338;CENT;"MEDIA DISTANCIA AUTOPISTA DIFERENCIAL";MARCOPOLO.;TORINO;2022-64321700;;2022-69949888;CONTINENTAL;10361831;"194, 2077IE, 2077OE, 2077OP1, 2077OP11, 2077OP12, 2077OP13, 2077OP14, 2077OP15, 2077OP16, 2077OP17, 2077OP2, 2077OP23, 2077OP26, 2077OP27, 2077OP28, 2077OP29, 2077OP3, 2077OP30, 2077OP31, 2077OP32, 2077OP4";9BSK4X200N4011188;SCANIA;"K 250 B 4x2 Euro V";NO;JN:NACIONAL;SI;"OLEU:2027-09-05, IE:2027-09-05, AC:2032-12-31, OLP:2030-12-31"
AF515EK;925;"OFERTA LIBRE - EVENTO UNICO, INTERJURISDICCIONAL - EVENTO UNICO, SERVICIO COMÚN MEDIA DISTANCIA x AUTOPISTA, OFERTA LIBRE - PERIODICO";2022;45;2077;30546500086;"LA NUEVA METROPOL S.A.T.A.C.I.";25/12/2026;255806;CENT;"MEDIA DISTANCIA AUTOPISTA DIFERENCIAL";MARCOPOLO.;TORINO;2022-64321700;;2022-69949888;CONTINENTAL;10361837;"194, 2077IE, 2077OE, 2077OP1, 2077OP11, 2077OP12, 2077OP13, 2077OP14, 2077OP15, 2077OP16, 2077OP17, 2077OP2, 2077OP23, 2077OP26, 2077OP27, 2077OP28, 2077OP29, 2077OP3, 2077OP30, 2077OP31, 2077OP32, 2077OP4";9BSK4X200N4011186;SCANIA;"K 250 B 4x2 Euro V";NO;JN:NACIONAL;SI;"OLEU:2027-09-05, IE:2027-09-05, AC:2032-12-31, OLP:2030-12-31"
AF515EX;963;"OFERTA LIBRE - EVENTO UNICO, INTERJURISDICCIONAL - EVENTO UNICO, SERVICIO COMÚN MEDIA DISTANCIA x AUTOPISTA, OFERTA LIBRE - PERIODICO";2022;45;2077;30546500086;"LA NUEVA METROPOL S.A.T.A.C.I.";06/01/2027;256479;CENT;"MEDIA DISTANCIA AUTOPISTA DIFERENCIAL";MARCOPOLO.;TORINO;2022-64321700;;2022-69949888;CONTINENTAL;10345917;"194, 2077IE, 2077OE, 2077OP1, 2077OP11, 2077OP12, 2077OP13, 2077OP14, 2077OP15, 2077OP16, 2077OP17, 2077OP2, 2077OP23, 2077OP26, 2077OP27, 2077OP28, 2077OP29, 2077OP3, 2077OP30, 2077OP31, 2077OP32, 2077OP4";9BSK4X200N4010335;SCANIA;"K 250 B 4x2 Euro V";NO;JN:NACIONAL;SI;"OLEU:2027-09-05, IE:2027-09-05, AC:2032-12-31, OLP:2030-12-31"
AF515EY;955;"OFERTA LIBRE - EVENTO UNICO, INTERJURISDICCIONAL - EVENTO UNICO, SERVICIO COMÚN MEDIA DISTANCIA x AUTOPISTA, OFERTA LIBRE - PERIODICO";2022;45;2077;30546500086;"LA NUEVA METROPOL S.A.T.A.C.I.";19/12/2026;255663;CENT;"MEDIA DISTANCIA AUTOPISTA DIFERENCIAL";MARCOPOLO.;TORINO;2022-64321700;;2022-69949888;CONTINENTAL;10345926;"194, 2077IE, 2077OE, 2077OP1, 2077OP11, 2077OP12, 2077OP13, 2077OP14, 2077OP15, 2077OP16, 2077OP17, 2077OP2, 2077OP23, 2077OP26, 2077OP27, 2077OP28, 2077OP29, 2077OP3, 2077OP30, 2077OP31, 2077OP32, 2077OP4";9BSK4X200N4010330;SCANIA;"K 250 B 4x2 Euro V";NO;JN:NACIONAL;SI;"OLEU:2027-09-05, IE:2027-09-05, AC:2032-12-31, OLP:2030-12-31"
AF515EZ;919;"OFERTA LIBRE - EVENTO UNICO, INTERJURISDICCIONAL - EVENTO UNICO, SERVICIO COMÚN MEDIA DISTANCIA x AUTOPISTA, OFERTA LIBRE - PERIODICO";2022;45;2077;30546500086;"LA NUEVA METROPOL S.A.T.A.C.I.";02/01/2027;256373;CENT;"MEDIA DISTANCIA AUTOPISTA DIFERENCIAL";MARCOPOLO.;TORINO;2022-64321700;;2022-69949888;CONTINENTAL;10361903;"194, 2077IE, 2077OE, 2077OP1, 2077OP11, 2077OP12, 2077OP13, 2077OP14, 2077OP15, 2077OP16, 2077OP17, 2077OP2, 2077OP23, 2077OP26, 2077OP27, 2077OP28, 2077OP29, 2077OP3, 2077OP30, 2077OP31, 2077OP32, 2077OP4";9BSK4X200N4010915;SCANIA;"K 250 B 4x2 Euro V";NO;JN:NACIONAL;SI;"OLEU:2027-09-05, IE:2027-09-05, AC:2032-12-31, OLP:2030-12-31"
AF524YB;934;"OFERTA LIBRE - EVENTO UNICO, INTERJURISDICCIONAL - EVENTO UNICO, SERVICIO COMÚN MEDIA DISTANCIA x AUTOPISTA, OFERTA LIBRE - PERIODICO";2022;45;2077;30546500086;"LA NUEVA METROPOL S.A.T.A.C.I.";30/09/2026;67538;CENT;"MEDIA DISTANCIA AUTOPISTA DIFERENCIAL";MARCOPOLO.;TORINO;2022-64321700;;2022-69949888;CONTINENTAL;10361964;"194, 2077IE, 2077OE, 2077OP1, 2077OP11, 2077OP12, 2077OP13, 2077OP14, 2077OP15, 2077OP16, 2077OP17, 2077OP2, 2077OP23, 2077OP26, 2077OP27, 2077OP28, 2077OP29, 2077OP3, 2077OP30, 2077OP31, 2077OP32, 2077OP4";9BSK4X200N4011350;SCANIA;"K 250 B 4x2 Euro V";NO;JN:NACIONAL;SI;"OLEU:2027-09-05, IE:2027-09-05, AC:2032-12-31, OLP:2030-12-31"
AF524YC;916;"OFERTA LIBRE - EVENTO UNICO, INTERJURISDICCIONAL - EVENTO UNICO, SERVICIO COMÚN MEDIA DISTANCIA x AUTOPISTA, OFERTA LIBRE - PERIODICO";2022;43;2077;30546500086;"LA NUEVA METROPOL S.A.T.A.C.I.";06/01/2027;256487;CENT;"MEDIA DISTANCIA AUTOPISTA DIFERENCIAL";MARCOPOLO.;TORINO;2022-64321700;;2022-69949888;CONTINENTAL;10361861;"194, 2077IE, 2077OE, 2077OP1, 2077OP11, 2077OP12, 2077OP13, 2077OP14, 2077OP15, 2077OP16, 2077OP17, 2077OP2, 2077OP23, 2077OP26, 2077OP27, 2077OP28, 2077OP29, 2077OP3, 2077OP30, 2077OP31, 2077OP32, 2077OP4";9BSK4X200N4010918;SCANIA;"K 250 B 4x2 Euro V";NO;JN:NACIONAL;SI;"OLEU:2027-09-05, IE:2027-09-05, AC:2032-12-31, OLP:2030-12-31"
AF524YP;933;"OFERTA LIBRE - EVENTO UNICO, INTERJURISDICCIONAL - EVENTO UNICO, SERVICIO COMÚN MEDIA DISTANCIA x AUTOPISTA, OFERTA LIBRE - PERIODICO";2022;45;2077;30546500086;"LA NUEVA METROPOL S.A.T.A.C.I.";30/01/2027;260274;CENT;"MEDIA DISTANCIA AUTOPISTA DIFERENCIAL";MARCOPOLO.;TORINO;2022-64321700;;2022-69949888;CONTINENTAL;10361859;"194, 2077IE, 2077OE, 2077OP1, 2077OP11, 2077OP12, 2077OP13, 2077OP14, 2077OP15, 2077OP16, 2077OP17, 2077OP2, 2077OP23, 2077OP26, 2077OP27, 2077OP28, 2077OP29, 2077OP3, 2077OP30, 2077OP31, 2077OP32, 2077OP4";9BSK4X200N4011359;SCANIA;"K 250 B 4x2 Euro V";NO;JN:NACIONAL;SI;"OLEU:2027-09-05, IE:2027-09-05, AC:2032-12-31, OLP:2030-12-31"
AF524YQ;914;"OFERTA LIBRE - EVENTO UNICO, INTERJURISDICCIONAL - EVENTO UNICO, SERVICIO COMÚN MEDIA DISTANCIA x AUTOPISTA, OFERTA LIBRE - PERIODICO";2022;45;2077;30546500086;"LA NUEVA METROPOL S.A.T.A.C.I.";04/02/2027;261967;CENT;"MEDIA DISTANCIA AUTOPISTA DIFERENCIAL";MARCOPOLO.;TORINO;2022-64321700;;2022-69949888;CONTINENTAL;10345895;"194, 2077IE, 2077OE, 2077OP1, 2077OP11, 2077OP12, 2077OP13, 2077OP14, 2077OP15, 2077OP16, 2077OP17, 2077OP2, 2077OP23, 2077OP26, 2077OP27, 2077OP28, 2077OP29, 2077OP3, 2077OP30, 2077OP31, 2077OP32, 2077OP4";9BSK4X200N4010860;SCANIA;"K 250 B 4x2 Euro V";NO;JN:NACIONAL;SI;"OLEU:2027-09-05, IE:2027-09-05, AC:2032-12-31, OLP:2030-12-31"
AF524YU;915;"OFERTA LIBRE - EVENTO UNICO, INTERJURISDICCIONAL - EVENTO UNICO, SERVICIO COMÚN MEDIA DISTANCIA x AUTOPISTA, OFERTA LIBRE - PERIODICO";2022;45;2077;30546500086;"LA NUEVA METROPOL S.A.T.A.C.I.";23/12/2026;255747;CENT;"MEDIA DISTANCIA AUTOPISTA DIFERENCIAL";MARCOPOLO.;TORINO;2022-64321700;;2022-69949888;CONTINENTAL;10362703;"194, 2077IE, 2077OE, 2077OP1, 2077OP11, 2077OP12, 2077OP13, 2077OP14, 2077OP15, 2077OP16, 2077OP17, 2077OP2, 2077OP23, 2077OP26, 2077OP27, 2077OP28, 2077OP29, 2077OP3, 2077OP30, 2077OP31, 2077OP32, 2077OP4";9BSK4X200N4010862;SCANIA;"K 250 B 4x2 Euro V";NO;JN:NACIONAL;SI;"OLEU:2027-09-05, IE:2027-09-05, AC:2032-12-31, OLP:2030-12-31"
AF524YV;969;"OFERTA LIBRE - EVENTO UNICO, INTERJURISDICCIONAL - EVENTO UNICO, SERVICIO COMÚN MEDIA DISTANCIA x AUTOPISTA, OFERTA LIBRE - PERIODICO";2022;45;2077;30546500086;"LA NUEVA METROPOL S.A.T.A.C.I.";30/01/2027;260272;CENT;"MEDIA DISTANCIA AUTOPISTA DIFERENCIAL";MARCOPOLO.;TORINO;2022-64321700;;2022-69949888;CONTINENTAL;10361890;"194, 2077IE, 2077OE, 2077OP1, 2077OP11, 2077OP12, 2077OP13, 2077OP14, 2077OP15, 2077OP16, 2077OP17, 2077OP2, 2077OP23, 2077OP26, 2077OP27, 2077OP28, 2077OP29, 2077OP3, 2077OP30, 2077OP31, 2077OP32, 2077OP4";9BSK4X200N4010920;SCANIA;"K 250 B 4x2 Euro V";NO;JN:NACIONAL;SI;"OLEU:2027-09-05, IE:2027-09-05, AC:2032-12-31, OLP:2030-12-31"
AF554GN;954;"OFERTA LIBRE - EVENTO UNICO, INTERJURISDICCIONAL - EVENTO UNICO, SERVICIO COMÚN MEDIA DISTANCIA x AUTOPISTA, OFERTA LIBRE - PERIODICO";2022;45;2077;30546500086;"LA NUEVA METROPOL S.A.T.A.C.I.";30/12/2026;256325;CENT;"MEDIA DISTANCIA AUTOPISTA DIFERENCIAL";MARCOPOLO.;TORINO;2022-64321700;;2022-69949888;CONTINENTAL;10335924;"195, 2077IE, 2077OE, 2077OP1, 2077OP11, 2077OP12, 2077OP13, 2077OP14, 2077OP15, 2077OP16, 2077OP17, 2077OP2, 2077OP23, 2077OP26, 2077OP27, 2077OP28, 2077OP29, 2077OP3, 2077OP30, 2077OP31, 2077OP32, 2077OP4";9BSK4X200N4010305;SCANIA;"K 250 B 4x2 Euro V";NO;JN:NACIONAL;SI;"OLEU:2027-09-05, IE:2027-09-05, AC:2032-12-31, OLP:2030-12-31"
AF636LH;989;"OFERTA LIBRE - EVENTO UNICO, INTERJURISDICCIONAL - EVENTO UNICO, SERVICIO COMÚN MEDIA DISTANCIA x AUTOPISTA, OFERTA LIBRE - PERIODICO";2022;45;2077;30546500086;"LA NUEVA METROPOL S.A.T.A.C.I.";27/02/2027;420300;CENT;"MEDIA DISTANCIA AUTOPISTA DIFERENCIAL";MARCOPOLO.;TORINO;2022-64321700;;2022-69949888;CONTINENTAL;10361875;"194, 2077IE, 2077OE, 2077OP1, 2077OP11, 2077OP12, 2077OP13, 2077OP14, 2077OP15, 2077OP16, 2077OP17, 2077OP2, 2077OP23, 2077OP26, 2077OP27, 2077OP28, 2077OP29, 2077OP3, 2077OP30, 2077OP31, 2077OP32, 2077OP4";9BSK4X200N4010926;SCANIA;"K 250 B 4x2 Euro V";NO;JN:NACIONAL;SI;"OLEU:2027-09-05, IE:2027-09-05, AC:2032-12-31, OLP:2030-12-31"
AF636LI;990;"OFERTA LIBRE - EVENTO UNICO, INTERJURISDICCIONAL - EVENTO UNICO, SERVICIO COMÚN MEDIA DISTANCIA x AUTOPISTA, OFERTA LIBRE - PERIODICO";2022;45;2077;30546500086;"LA NUEVA METROPOL S.A.T.A.C.I.";28/02/2027;420390;CENT;"MEDIA DISTANCIA AUTOPISTA DIFERENCIAL";MARCOPOLO.;TORINO;2022-64321700;;2022-69949888;CONTINENTAL;10361850;"194, 2077IE, 2077OE, 2077OP1, 2077OP11, 2077OP12, 2077OP13, 2077OP14, 2077OP15, 2077OP16, 2077OP17, 2077OP2, 2077OP23, 2077OP26, 2077OP27, 2077OP28, 2077OP29, 2077OP3, 2077OP30, 2077OP31, 2077OP32, 2077OP4";9BSK4X200N4010923;SCANIA;"K 250 B 4x2 Euro V";NO;JN:NACIONAL;SI;"OLEU:2027-09-05, IE:2027-09-05, AC:2032-12-31, OLP:2030-12-31"
AF636LT;928;"OFERTA LIBRE - EVENTO UNICO, INTERJURISDICCIONAL - EVENTO UNICO, SERVICIO COMÚN MEDIA DISTANCIA x AUTOPISTA, OFERTA LIBRE - PERIODICO";2022;45;2077;30546500086;"LA NUEVA METROPOL S.A.T.A.C.I.";02/03/2027;422059;CENT;"MEDIA DISTANCIA AUTOPISTA DIFERENCIAL";MARCOPOLO.;TORINO;2022-64321700;;2022-69949888;CONTINENTAL;10361949;"194, 2077IE, 2077OE, 2077OP1, 2077OP11, 2077OP12, 2077OP13, 2077OP14, 2077OP15, 2077OP16, 2077OP17, 2077OP2, 2077OP23, 2077OP26, 2077OP27, 2077OP28, 2077OP29, 2077OP3, 2077OP30, 2077OP31, 2077OP32, 2077OP4";9BSK4X200N4011193;SCANIA;"K 250 B 4x2 Euro V";NO;JN:NACIONAL;SI;"OLEU:2027-09-05, IE:2027-09-05, AC:2032-12-31, OLP:2030-12-31"
AF710KM;;"OFERTA LIBRE - EVENTO UNICO, INTERJURISDICCIONAL - EVENTO UNICO, OFERTA LIBRE - PERIODICO";2022;45;2077;30546500086;"LA NUEVA METROPOL S.A.T.A.C.I.";18/12/2026;255639;CENT;"INTERURBANO COMÚN CON AIRE ACONDICIONADO";METALSUR;;2019-90525712;;063/19;CONTINENTAL;10380774;"2077IE, 2077OE, 2077OP1, 2077OP11, 2077OP12, 2077OP13, 2077OP14, 2077OP15, 2077OP16, 2077OP17, 2077OP2, 2077OP23, 2077OP26, 2077OP27, 2077OP28, 2077OP29, 2077OP3, 2077OP30, 2077OP31, 2077OP32, 2077OP4";9BSK4X200P4015391;SCANIA;"K 310 B 4x2 Euro V";NO;JN:NACIONAL;SI;"OLEU:2027-09-05, IE:2027-09-05, OLP:2030-12-31"
AF710KO;;"OFERTA LIBRE - EVENTO UNICO, INTERJURISDICCIONAL - EVENTO UNICO, OFERTA LIBRE - PERIODICO";2022;45;2077;30546500086;"LA NUEVA METROPOL S.A.T.A.C.I.";19/12/2026;255666;CENT;"INTERURBANO COMÚN CON AIRE ACONDICIONADO";METALSUR;;2019-90525712;;063/19;CONTINENTAL;10380810;"2077IE, 2077OE, 2077OP1, 2077OP11, 2077OP12, 2077OP13, 2077OP14, 2077OP15, 2077OP16, 2077OP17, 2077OP2, 2077OP23, 2077OP26, 2077OP27, 2077OP28, 2077OP29, 2077OP3, 2077OP30, 2077OP31, 2077OP32, 2077OP4";9BSK4X200P4015382;SCANIA;"K 310 B 4x2 Euro V";NO;JN:NACIONAL;SI;"OLEU:2027-09-05, IE:2027-09-05, OLP:2030-12-31"
AF710KS;;"OFERTA LIBRE - EVENTO UNICO, INTERJURISDICCIONAL - EVENTO UNICO, OFERTA LIBRE - PERIODICO";2022;45;2077;30546500086;"LA NUEVA METROPOL S.A.T.A.C.I.";16/11/2026;119605;CENT;"INTERURBANO COMÚN CON AIRE ACONDICIONADO";METALSUR;;2019-90525712;;063/19;CONTINENTAL;10383244;"2077IE, 2077OE, 2077OP1, 2077OP11, 2077OP12, 2077OP13, 2077OP14, 2077OP15, 2077OP16, 2077OP17, 2077OP2, 2077OP23, 2077OP26, 2077OP27, 2077OP28, 2077OP29, 2077OP3, 2077OP30, 2077OP31, 2077OP32, 2077OP4";9BSK4X200P4015413;SCANIA;"K 310 B 4x2 Euro V";NO;JN:NACIONAL;SI;"OLEU:2027-09-05, IE:2027-09-05, OLP:2030-12-31"
AF720EN;973;"OFERTA LIBRE - EVENTO UNICO, INTERJURISDICCIONAL - EVENTO UNICO, SERVICIO COMÚN MEDIA DISTANCIA x AUTOPISTA, OFERTA LIBRE - PERIODICO";2023;45;2077;30546500086;"LA NUEVA METROPOL S.A.T.A.C.I.";06/11/2026;118159;CENT;"MEDIA DISTANCIA AUTOPISTA DIFERENCIAL";MARCOPOLO.;TORINO;2022-64321700;;2022-69949888;CONTINENTAL;10361865;"194, 2077IE, 2077OE, 2077OP1, 2077OP11, 2077OP12, 2077OP13, 2077OP14, 2077OP15, 2077OP16, 2077OP17, 2077OP2, 2077OP23, 2077OP26, 2077OP27, 2077OP28, 2077OP29, 2077OP3, 2077OP30, 2077OP31, 2077OP32, 2077OP4";9BSK4X200N4011381;SCANIA;"K 250 B 4x2 Euro V";NO;JN:NACIONAL;SI;"OLEU:2027-09-05, IE:2027-09-05, AC:2033-12-31, OLP:2030-12-31"
AF720EP;999;"OFERTA LIBRE - EVENTO UNICO, INTERJURISDICCIONAL - EVENTO UNICO, SERVICIO COMÚN MEDIA DISTANCIA x AUTOPISTA, OFERTA LIBRE - PERIODICO";2023;45;2077;30546500086;"LA NUEVA METROPOL S.A.T.A.C.I.";03/12/2026;253041;CENT;"MEDIA DISTANCIA AUTOPISTA DIFERENCIAL";MARCOPOLO.;TORINO;2022-64321700;;2022-69949888;CONTINENTAL;10364149;"194, 2077IE, 2077OE, 2077OP1, 2077OP11, 2077OP12, 2077OP13, 2077OP14, 2077OP15, 2077OP16, 2077OP17, 2077OP2, 2077OP23, 2077OP26, 2077OP27, 2077OP28, 2077OP29, 2077OP3, 2077OP30, 2077OP31, 2077OP32, 2077OP4";9BSK4X200N4011395;SCANIA;"K 250 B 4x2 Euro V";NO;JN:NACIONAL;SI;"OLEU:2027-09-05, IE:2027-09-05, AC:2033-12-31, OLP:2030-12-31"
AF720ER;926;"OFERTA LIBRE - EVENTO UNICO, INTERJURISDICCIONAL - EVENTO UNICO, SERVICIO COMÚN MEDIA DISTANCIA x AUTOPISTA, OFERTA LIBRE - PERIODICO";2023;45;2077;30546500086;"LA NUEVA METROPOL S.A.T.A.C.I.";31/01/2027;260301;CENT;"MEDIA DISTANCIA AUTOPISTA DIFERENCIAL";MARCOPOLO.;TORINO;2022-64321700;;2022-69949888;CONTINENTAL;10364132;"195, 2077IE, 2077OE, 2077OP1, 2077OP11, 2077OP12, 2077OP13, 2077OP14, 2077OP15, 2077OP16, 2077OP17, 2077OP2, 2077OP23, 2077OP26, 2077OP27, 2077OP28, 2077OP29, 2077OP3, 2077OP30, 2077OP31, 2077OP32, 2077OP4";9BSK4X200N4011400;SCANIA;"K 250 B 4x2 Euro V";NO;JN:NACIONAL;SI;"OLEU:2027-09-05, IE:2027-09-05, AC:2033-12-31, OLP:2030-12-31"
AF861UI;935;"OFERTA LIBRE - EVENTO UNICO, INTERJURISDICCIONAL - EVENTO UNICO, SERVICIO COMÚN MEDIA DISTANCIA x AUTOPISTA, OFERTA LIBRE - PERIODICO";2023;45;2077;30546500086;"LA NUEVA METROPOL S.A.T.A.C.I.";28/01/2027;260196;CENT;"MEDIA DISTANCIA AUTOPISTA DIFERENCIAL";MARCOPOLO.;TORINO;2022-64321700;;2022-69949888;CONTINENTAL;10365174;"194, 2077IE, 2077OE, 2077OP1, 2077OP11, 2077OP12, 2077OP13, 2077OP14, 2077OP15, 2077OP16, 2077OP17, 2077OP2, 2077OP23, 2077OP26, 2077OP27, 2077OP28, 2077OP29, 2077OP3, 2077OP30, 2077OP31, 2077OP32, 2077OP4";9BSK4X200N4011354;SCANIA;"K 250 B 4x2 Euro V";NO;JN:NACIONAL;SI;"OLEU:2027-09-05, IE:2027-09-05, AC:2033-12-31, OLP:2030-12-31"
AF861UJ;947;"OFERTA LIBRE - EVENTO UNICO, INTERJURISDICCIONAL - EVENTO UNICO, SERVICIO COMÚN MEDIA DISTANCIA x AUTOPISTA, OFERTA LIBRE - PERIODICO";2023;45;2077;30546500086;"LA NUEVA METROPOL S.A.T.A.C.I.";28/01/2027;260197;CENT;"MEDIA DISTANCIA AUTOPISTA DIFERENCIAL";MARCOPOLO.;TORINO;2022-64321700;;2022-69949888;CONTINENTAL;10361906;"194, 2077IE, 2077OE, 2077OP1, 2077OP11, 2077OP12, 2077OP13, 2077OP14, 2077OP15, 2077OP16, 2077OP17, 2077OP2, 2077OP23, 2077OP26, 2077OP27, 2077OP28, 2077OP29, 2077OP3, 2077OP30, 2077OP31, 2077OP32, 2077OP4";9BSK4X200N4011377;SCANIA;"K 250 B 4x2 Euro V";NO;JN:NACIONAL;SI;"OLEU:2027-09-05, IE:2027-09-05, AC:2033-12-31, OLP:2030-12-31"
AF918GM;967;"OFERTA LIBRE - EVENTO UNICO, INTERJURISDICCIONAL - EVENTO UNICO, SERVICIO COMÚN MEDIA DISTANCIA x AUTOPISTA, OFERTA LIBRE - PERIODICO";2023;45;2077;30546500086;"LA NUEVA METROPOL S.A.T.A.C.I.";09/10/2026;113746;CENT;"MEDIA DISTANCIA AUTOPISTA DIFERENCIAL";MARCOPOLO.;TORINO;2022-64321700;;2022-69949888;CONTINENTAL;10364133;"194, 2077IE, 2077OE, 2077OP1, 2077OP11, 2077OP12, 2077OP13, 2077OP14, 2077OP15, 2077OP16, 2077OP17, 2077OP2, 2077OP23, 2077OP26, 2077OP27, 2077OP28, 2077OP29, 2077OP3, 2077OP30, 2077OP31, 2077OP32, 2077OP4";9BSK4X200N4011386;SCANIA;"K 250 B 4x2 Euro V";NO;JN:NACIONAL;SI;"OLEU:2027-09-05, IE:2027-09-05, AC:2033-12-31, OLP:2030-12-31"
AF918GN;979;"OFERTA LIBRE - EVENTO UNICO, INTERJURISDICCIONAL - EVENTO UNICO, SERVICIO COMÚN MEDIA DISTANCIA x AUTOPISTA, OFERTA LIBRE - PERIODICO";2023;45;2077;30546500086;"LA NUEVA METROPOL S.A.T.A.C.I.";10/10/2026;113795;CENT;"MEDIA DISTANCIA AUTOPISTA DIFERENCIAL";MARCOPOLO.;TORINO;2022-64321700;;2022-69949888;CONTINENTAL;10364159;"194, 2077IE, 2077OE, 2077OP1, 2077OP11, 2077OP12, 2077OP13, 2077OP14, 2077OP15, 2077OP16, 2077OP17, 2077OP2, 2077OP23, 2077OP26, 2077OP27, 2077OP28, 2077OP29, 2077OP3, 2077OP30, 2077OP31, 2077OP32, 2077OP4";9BSK4X200N4011391;SCANIA;"K 250 B 4x2 Euro V";NO;JN:NACIONAL;SI;"OLEU:2027-09-05, IE:2027-09-05, AC:2033-12-31, OLP:2030-12-31"
AF954AC;938;"OFERTA LIBRE - EVENTO UNICO, INTERJURISDICCIONAL - EVENTO UNICO, SERVICIO COMÚN MEDIA DISTANCIA x AUTOPISTA, OFERTA LIBRE - PERIODICO";2023;45;2077;30546500086;"LA NUEVA METROPOL S.A.T.A.C.I.";07/09/2026;66175;CENT;"MEDIA DISTANCIA AUTOPISTA DIFERENCIAL";MARCOPOLO.;TORINO;2022-64321700;;2022-69949888;CONTINENTAL;10361902;"194, 2077IE, 2077OE, 2077OP1, 2077OP11, 2077OP12, 2077OP13, 2077OP14, 2077OP15, 2077OP16, 2077OP17, 2077OP2, 2077OP23, 2077OP26, 2077OP27, 2077OP28, 2077OP29, 2077OP3, 2077OP30, 2077OP31, 2077OP32, 2077OP4";9BSK4X200N4011341;SCANIA;"K 250 B 4x2 Euro V";NO;JN:NACIONAL;SI;"OLEU:2027-09-05, IE:2027-09-05, AC:2033-12-31, OLP:2030-12-31"
AF964LE;932;"OFERTA LIBRE - EVENTO UNICO, INTERJURISDICCIONAL - EVENTO UNICO, SERVICIO COMÚN MEDIA DISTANCIA x AUTOPISTA, OFERTA LIBRE - PERIODICO";2023;45;2077;30546500086;"LA NUEVA METROPOL S.A.T.A.C.I.";10/10/2026;113817;CENT;"MEDIA DISTANCIA AUTOPISTA DIFERENCIAL";MARCOPOLO.;TORINO;2022-64321700;;2022-69949888;CONTINENTAL;10361915;"194, 2077IE, 2077OE, 2077OP1, 2077OP11, 2077OP12, 2077OP13, 2077OP14, 2077OP15, 2077OP16, 2077OP17, 2077OP2, 2077OP23, 2077OP26, 2077OP27, 2077OP28, 2077OP29, 2077OP3, 2077OP30, 2077OP31, 2077OP32, 2077OP4";9BSK4X200N4011345;SCANIA;"K 250 B 4x2 Euro V";NO;JN:NACIONAL;SI;"OLEU:2027-09-05, IE:2027-09-05, AC:2033-12-31, OLP:2030-12-31"
AF964LF;165;"OFERTA LIBRE - EVENTO UNICO, INTERJURISDICCIONAL - EVENTO UNICO, SERVICIO COMÚN MEDIA DISTANCIA x AUTOPISTA, OFERTA LIBRE - PERIODICO";2023;45;2077;30546500086;"LA NUEVA METROPOL S.A.T.A.C.I.";10/10/2026;113788;CENT;"MEDIA DISTANCIA AUTOPISTA DIFERENCIAL";MARCOPOLO.;TORINO;2022-64321700;;2022-69949888;CONTINENTAL;10344125;"194, 2077IE, 2077OE, 2077OP1, 2077OP11, 2077OP12, 2077OP13, 2077OP14, 2077OP15, 2077OP16, 2077OP17, 2077OP2, 2077OP23, 2077OP26, 2077OP27, 2077OP28, 2077OP29, 2077OP3, 2077OP30, 2077OP31, 2077OP32, 2077OP4";9BSK4X200N4010299;SCANIA;"K 250 B 4x2 Euro V";NO;JN:NACIONAL;SI;"OLEU:2027-09-05, IE:2027-09-05, AC:2033-12-31, OLP:2030-12-31"
AG016UJ;;"OFERTA LIBRE - EVENTO UNICO, INTERJURISDICCIONAL - EVENTO UNICO, OFERTA LIBRE - PERIODICO";2023;44;2077;30546500086;"LA NUEVA METROPOL S.A.T.A.C.I.";16/11/2026;119621;CENT;"INTERURBANO COMÚN CON AIRE ACONDICIONADO";MURABITO;;2022-57581649;;2022-69950102;DIGITAC;27111;"2077IE, 2077OE, 2077OP1, 2077OP11, 2077OP12, 2077OP13, 2077OP14, 2077OP15, 2077OP16, 2077OP17, 2077OP2, 2077OP23, 2077OP26, 2077OP27, 2077OP28, 2077OP29, 2077OP3, 2077OP30, 2077OP31, 2077OP32, 2077OP4";8AB368185PA151943;"MERCEDES BENZ";"OH 1621 L-SB/55";NO;JN:NACIONAL;SI;"OLEU:2027-09-05, IE:2027-09-05, OLP:2030-12-31"
AG225BX;984;"SERVICIO COMÚN MEDIA DISTANCIA x AUTOPISTA";2023;45;2077;30546500086;"LA NUEVA METROPOL S.A.T.A.C.I.";04/03/2027;422134;CENT;"INTERURBANO COMÚN CON AIRE ACONDICIONADO";SALDIVIA;"A 345";2023-61202397;;2023-65793063;CONTINENTAL;10415911;194;9BSK4X200P4024959;SCANIA;"K 340 4x2 B GNC";NO;JN:NACIONAL;SI;AC:2033-12-31
AG386BL;;"OFERTA LIBRE - EVENTO UNICO, INTERJURISDICCIONAL - EVENTO UNICO, OFERTA LIBRE - PERIODICO";2024;19;2077;30546500086;"LA NUEVA METROPOL S.A.T.A.C.I.";04/03/2027;422161;CENT;"TURISMO / O. LIBRE";"MERCEDES BENZ";"SPRINTER 517 CDI MINIBUS 19+1 4325";2023-117415800;;2023-118651332;"SEVA DT-1050";3718220349;"2077IE, 2077OE, 2077OP1, 2077OP11, 2077OP12, 2077OP13, 2077OP14, 2077OP15, 2077OP16, 2077OP17, 2077OP2, 2077OP23, 2077OP26, 2077OP27, 2077OP28, 2077OP29, 2077OP3, 2077OP30, 2077OP31, 2077OP32, 2077OP4";8AC907857RE242267;"MERCEDES BENZ";"SPRINTER 517 CDI";NO;JN:NACIONAL;SI;"OLEU:2027-09-05, IE:2027-09-05, OLP:2030-12-31"
AG774NJ;;"OFERTA LIBRE - EVENTO UNICO, INTERJURISDICCIONAL - EVENTO UNICO, OFERTA LIBRE - PERIODICO";2024;19;2077;30546500086;"LA NUEVA METROPOL S.A.T.A.C.I.";23/12/2026;255730;CENT;"TURISMO / O. LIBRE";"MERCEDES BENZ";"SPRINTER 517 CDI MINIBUS 19+1 4325";2023-117415800;;2023-118651332;"SEVA DT-1050";3718454179;"2077IE, 2077OE, 2077OP1, 2077OP11, 2077OP12, 2077OP13, 2077OP14, 2077OP15, 2077OP16, 2077OP17, 2077OP2, 2077OP23, 2077OP26, 2077OP27, 2077OP28, 2077OP29, 2077OP3, 2077OP30, 2077OP31, 2077OP32, 2077OP4";8AC907857SE252289;"MERCEDES BENZ";"SPRINTER 517 CDI";NO;JN:NACIONAL;SI;"OLEU:2027-09-05, IE:2027-09-05, OLP:2030-12-31"
AG969RU;;"OFERTA LIBRE - EVENTO UNICO, INTERJURISDICCIONAL - EVENTO UNICO, OFERTA LIBRE - PERIODICO";2024;19;2077;30546500086;"LA NUEVA METROPOL S.A.T.A.C.I.";29/10/2026;117405;CENT;"TURISMO / O. LIBRE";"MERCEDES BENZ";"SPRINTER 517 CDI MINIBUS 19+1 4325";2023-117415800;;2023-118651332;"SEVA DT-1050";3718454171;"2077IE, 2077OE, 2077OP1, 2077OP11, 2077OP12, 2077OP13, 2077OP14, 2077OP15, 2077OP16, 2077OP17, 2077OP2, 2077OP23, 2077OP26, 2077OP27, 2077OP28, 2077OP29, 2077OP3, 2077OP30, 2077OP31, 2077OP32, 2077OP4";8AC907857SE259453;"MERCEDES BENZ";"SPRINTER 517 CDI";NO;JN:NACIONAL;SI;"OLEU:2027-09-05, IE:2027-09-05, OLP:2030-12-31"
AG969RX;;"OFERTA LIBRE - EVENTO UNICO, INTERJURISDICCIONAL - EVENTO UNICO, OFERTA LIBRE - PERIODICO";2024;19;2077;30546500086;"LA NUEVA METROPOL S.A.T.A.C.I.";27/09/2026;67463;CENT;"TURISMO / O. LIBRE";"MERCEDES BENZ";"SPRINTER 517 CDI MINIBUS 19+1 4325";2023-117415800;;2023-118651332;"SEVA DT-1050";3718220309;"2077IE, 2077OE, 2077OP1, 2077OP11, 2077OP12, 2077OP13, 2077OP14, 2077OP15, 2077OP16, 2077OP17, 2077OP2, 2077OP23, 2077OP26, 2077OP27, 2077OP28, 2077OP29, 2077OP3, 2077OP30, 2077OP31, 2077OP32, 2077OP4";8AC907857SE259312;"MERCEDES BENZ";"SPRINTER 517 CDI";NO;JN:NACIONAL;SI;"OLEU:2027-09-05, IE:2027-09-05, OLP:2030-12-31"
AH049ZL;107;"OFERTA LIBRE - EVENTO UNICO, INTERJURISDICCIONAL - EVENTO UNICO, SERVICIO COMÚN MEDIA DISTANCIA x AUTOPISTA, OFERTA LIBRE - PERIODICO";2025;53;2077;30546500086;"LA NUEVA METROPOL S.A.T.A.C.I.";05/11/2026;118136;CENT;"MEDIA DISTANCIA AUTOPISTA COMÚN";SALDIVIA;"A 325";2024-140336528;;2024-141942457;INMETRO;45168387;"195, 2077IE, 2077OE, 2077OP1, 2077OP11, 2077OP12, 2077OP13, 2077OP14, 2077OP15, 2077OP16, 2077OP17, 2077OP2, 2077OP23, 2077OP26, 2077OP27, 2077OP28, 2077OP29, 2077OP3, 2077OP30, 2077OP31, 2077OP32, 2077OP4";9BSK4X200S4084839;SCANIA;"K 280 B 4X2";NO;JN:NACIONAL;SI;"OLEU:2027-09-05, IE:2027-09-05, AC:2035-12-31, OLP:2030-12-31"
AH049ZM;105;"OFERTA LIBRE - EVENTO UNICO, INTERJURISDICCIONAL - EVENTO UNICO, SERVICIO COMÚN MEDIA DISTANCIA x AUTOPISTA, OFERTA LIBRE - PERIODICO";2025;53;2077;30546500086;"LA NUEVA METROPOL S.A.T.A.C.I.";07/11/2026;118210;CENT;"MEDIA DISTANCIA AUTOPISTA COMÚN";SALDIVIA;"A 325";2024-140336528;;2024-141942457;INMETRO;45168387;"195, 2077IE, 2077OE, 2077OP1, 2077OP11, 2077OP12, 2077OP13, 2077OP14, 2077OP15, 2077OP16, 2077OP17, 2077OP2, 2077OP23, 2077OP26, 2077OP27, 2077OP28, 2077OP29, 2077OP3, 2077OP30, 2077OP31, 2077OP32, 2077OP4";9BSK4X200S4084832;SCANIA;"K 280 B 4X2";NO;JN:NACIONAL;SI;"OLEU:2027-09-05, IE:2027-09-05, AC:2035-12-31, OLP:2030-12-31"
AH049ZN;110;"OFERTA LIBRE - EVENTO UNICO, INTERJURISDICCIONAL - EVENTO UNICO, SERVICIO COMÚN MEDIA DISTANCIA x AUTOPISTA, OFERTA LIBRE - PERIODICO";2025;53;2077;30546500086;"LA NUEVA METROPOL S.A.T.A.C.I.";06/11/2026;118160;CENT;"MEDIA DISTANCIA AUTOPISTA COMÚN";SALDIVIA;"A 325";2024-140336528;;2024-141942457;INMETRO;45168398;"195, 2077IE, 2077OE, 2077OP1, 2077OP11, 2077OP12, 2077OP13, 2077OP14, 2077OP15, 2077OP16, 2077OP17, 2077OP2, 2077OP23, 2077OP26, 2077OP27, 2077OP28, 2077OP29, 2077OP3, 2077OP30, 2077OP31, 2077OP32, 2077OP4";9BSK4X200S4084841;SCANIA;"K 280 B 4X2";NO;JN:NACIONAL;SI;"OLEU:2027-09-05, IE:2027-09-05, AC:2035-12-31, OLP:2030-12-31"
AH049ZO;106;"OFERTA LIBRE - EVENTO UNICO, INTERJURISDICCIONAL - EVENTO UNICO, SERVICIO COMÚN MEDIA DISTANCIA x AUTOPISTA, OFERTA LIBRE - PERIODICO";2025;53;2077;30546500086;"LA NUEVA METROPOL S.A.T.A.C.I.";05/11/2026;118132;CENT;"MEDIA DISTANCIA AUTOPISTA COMÚN";SALDIVIA;"A 325";2024-140336528;;2024-141942457;INMETRO;45168410;"195, 2077IE, 2077OE, 2077OP1, 2077OP11, 2077OP12, 2077OP13, 2077OP14, 2077OP15, 2077OP16, 2077OP17, 2077OP2, 2077OP23, 2077OP26, 2077OP27, 2077OP28, 2077OP29, 2077OP3, 2077OP30, 2077OP31, 2077OP32, 2077OP4";9BSK4X200S4084836;SCANIA;"K 280 B 4X2";NO;JN:NACIONAL;SI;"OLEU:2027-09-05, IE:2027-09-05, AC:2035-12-31, OLP:2030-12-31"
AH050BF;114;"OFERTA LIBRE - EVENTO UNICO, INTERJURISDICCIONAL - EVENTO UNICO, SERVICIO COMÚN MEDIA DISTANCIA x AUTOPISTA, OFERTA LIBRE - PERIODICO";2025;53;2077;30546500086;"LA NUEVA METROPOL S.A.T.A.C.I.";10/12/2026;254045;CENT;"MEDIA DISTANCIA AUTOPISTA COMÚN";SALDIVIA;"A 325";2024-140336528;;2024-141942457;VDO;45168417;"195, 2077IE, 2077OE, 2077OP1, 2077OP11, 2077OP12, 2077OP13, 2077OP14, 2077OP15, 2077OP16, 2077OP17, 2077OP2, 2077OP23, 2077OP26, 2077OP27, 2077OP28, 2077OP29, 2077OP3, 2077OP30, 2077OP31, 2077OP32, 2077OP4";9BSK4X200S4084848;SCANIA;"K 280 B 4X2";NO;JN:NACIONAL;SI;"OLEU:2027-09-05, IE:2027-09-05, AC:2035-12-31, OLP:2030-12-31"
AH050BG;118;"OFERTA LIBRE - EVENTO UNICO, INTERJURISDICCIONAL - EVENTO UNICO, SERVICIO COMÚN MEDIA DISTANCIA x AUTOPISTA, OFERTA LIBRE - PERIODICO";2025;53;2077;30546500086;"LA NUEVA METROPOL S.A.T.A.C.I.";10/12/2026;254030;CENT;"MEDIA DISTANCIA AUTOPISTA COMÚN";SALDIVIA;"A 325";2024-140336528;;2024-141942457;VDO;45168445;"195, 2077IE, 2077OE, 2077OP1, 2077OP11, 2077OP12, 2077OP13, 2077OP14, 2077OP15, 2077OP16, 2077OP17, 2077OP2, 2077OP23, 2077OP26, 2077OP27, 2077OP28, 2077OP29, 2077OP3, 2077OP30, 2077OP31, 2077OP32, 2077OP4";9BSK4X200S4084867;SCANIA;"K 280 B 4X2";NO;JN:NACIONAL;SI;"OLEU:2027-09-05, IE:2027-09-05, AC:2035-12-31, OLP:2030-12-31"
AH050BI;116;"OFERTA LIBRE - EVENTO UNICO, INTERJURISDICCIONAL - EVENTO UNICO, SERVICIO COMÚN MEDIA DISTANCIA x AUTOPISTA, OFERTA LIBRE - PERIODICO";2025;53;2077;30546500086;"LA NUEVA METROPOL S.A.T.A.C.I.";05/12/2026;253912;CENT;"MEDIA DISTANCIA AUTOPISTA COMÚN";SALDIVIA;"A 325";2024-140336528;;2024-141942457;VDO;45168447;"195, 2077IE, 2077OE, 2077OP1, 2077OP11, 2077OP12, 2077OP13, 2077OP14, 2077OP15, 2077OP16, 2077OP17, 2077OP2, 2077OP23, 2077OP26, 2077OP27, 2077OP28, 2077OP29, 2077OP3, 2077OP30, 2077OP31, 2077OP32, 2077OP4";9BSK4X200S4084856;SCANIA;"K 280 B 4X2";NO;JN:NACIONAL;SI;"OLEU:2027-09-05, IE:2027-09-05, AC:2035-12-31, OLP:2030-12-31"
AH098KU;113;"OFERTA LIBRE - EVENTO UNICO, INTERJURISDICCIONAL - EVENTO UNICO, SERVICIO COMÚN MEDIA DISTANCIA x AUTOPISTA, OFERTA LIBRE - PERIODICO";2025;53;2077;30546500086;"LA NUEVA METROPOL S.A.T.A.C.I.";05/12/2026;253919;CENT;"MEDIA DISTANCIA AUTOPISTA COMÚN";SALDIVIA;"A 325";2024-140336528;;2024-141942457;CONTINENTAL;45168383;"195, 2077IE, 2077OE, 2077OP1, 2077OP11, 2077OP12, 2077OP13, 2077OP14, 2077OP15, 2077OP16, 2077OP17, 2077OP2, 2077OP23, 2077OP26, 2077OP27, 2077OP28, 2077OP29, 2077OP3, 2077OP30, 2077OP31, 2077OP32, 2077OP4";9BSK4X200S4084840;SCANIA;"K 280 B 4X2";NO;JN:NACIONAL;SI;"OLEU:2027-09-05, IE:2027-09-05, AC:2035-12-31, OLP:2030-12-31"
AH141CL;270;"SERVICIO COMÚN MEDIA DISTANCIA x AUTOPISTA";2025;46;2077;30546500086;"LA NUEVA METROPOL S.A.T.A.C.I.";04/02/2027;261994;CENT;"MEDIA DISTANCIA AUTOPISTA COMÚN";SALDIVIA;"A 345";2024-141750569;;2025-4177026;CONTINENTAL;45179836;195;9BSK4X200S4087673;SCANIA;"K 280 B 4X2";NO;JN:NACIONAL;SI;AC:2035-12-31
AH141CM;131;"SERVICIO COMÚN MEDIA DISTANCIA x AUTOPISTA";2025;46;2077;30546500086;"LA NUEVA METROPOL S.A.T.A.C.I.";14/01/2027;259419;CENT;"MEDIA DISTANCIA AUTOPISTA COMÚN";SALDIVIA;"A 345";2024-141750569;;2025-4177026;CONTINENTAL;45179828;195;9BSK4X200S4087669;SCANIA;"K 280 B 4X2";NO;JN:NACIONAL;SI;AC:2035-12-31
AH141CN;4245;"OFERTA LIBRE - EVENTO UNICO, INTERJURISDICCIONAL - EVENTO UNICO, SERVICIO COMÚN MEDIA DISTANCIA x AUTOPISTA, OFERTA LIBRE - PERIODICO";2025;45;2077;30546500086;"LA NUEVA METROPOL S.A.T.A.C.I.";29/01/2027;260253;CENT;"INTERURBANO COMÚN CON AIRE ACONDICIONADO";SALDIVIA;"A 345";2024-141751642;;2025-4181948;CONTINENTAL;45179839;"194, 2077IE, 2077OE, 2077OP1, 2077OP11, 2077OP12, 2077OP13, 2077OP14, 2077OP15, 2077OP16, 2077OP17, 2077OP2, 2077OP23, 2077OP26, 2077OP27, 2077OP28, 2077OP29, 2077OP3, 2077OP30, 2077OP31, 2077OP32, 2077OP4";9BSK4X200S4087675;SCANIA;"K 280 B 4X2";NO;JN:NACIONAL;SI;"OLEU:2027-09-05, IE:2027-09-05, AC:2035-12-31, OLP:2030-12-31"
AH141CO;132;"SERVICIO COMÚN MEDIA DISTANCIA x AUTOPISTA";2025;46;2077;30546500086;"LA NUEVA METROPOL S.A.T.A.C.I.";07/02/2027;262075;CENT;"MEDIA DISTANCIA AUTOPISTA COMÚN";SALDIVIA;"A 345";2024-141750569;;2025-4177026;CONTINENTAL;45179584;195;9BSK4X200S4087666;SCANIA;"K 280 B 4X2";NO;JN:NACIONAL;SI;AC:2035-12-31
AH141CP;269;"SERVICIO COMÚN MEDIA DISTANCIA x AUTOPISTA";2025;46;2077;30546500086;"LA NUEVA METROPOL S.A.T.A.C.I.";07/02/2027;262085;CENT;"MEDIA DISTANCIA AUTOPISTA COMÚN";SALDIVIA;"A 345";2024-141750569;;2025-4177026;CONTINENTAL;45179583;195;9BSK4X200S4087663;SCANIA;"K 280 B 4X2";NO;JN:NACIONAL;SI;AC:2035-12-31
AH277WL;243;"OFERTA LIBRE - EVENTO UNICO, INTERJURISDICCIONAL - EVENTO UNICO, SERVICIO COMÚN MEDIA DISTANCIA x AUTOPISTA, OFERTA LIBRE - PERIODICO";2025;46;2077;30546500086;"LA NUEVA METROPOL S.A.T.A.C.I.";16/01/2027;259485;CENT;"MEDIA DISTANCIA AUTOPISTA COMÚN";SALDIVIA;"A 345";2024-141750569;;2025-4177026;CONTINENTAL;45168397;"195, 2077IE, 2077OE, 2077OP1, 2077OP11, 2077OP12, 2077OP13, 2077OP14, 2077OP15, 2077OP16, 2077OP17, 2077OP2, 2077OP23, 2077OP26, 2077OP27, 2077OP28, 2077OP29, 2077OP3, 2077OP30, 2077OP31, 2077OP32, 2077OP4";9BSK4X200S4084833;SCANIA;"K 280 B 4X2";NO;JN:NACIONAL;SI;"OLEU:2027-09-05, IE:2027-09-05, AC:2035-12-31, OLP:2030-12-31"
AH277WO;4251;"OFERTA LIBRE - EVENTO UNICO, INTERJURISDICCIONAL - EVENTO UNICO, SERVICIO COMÚN MEDIA DISTANCIA x AUTOPISTA, OFERTA LIBRE - PERIODICO";2025;45;2077;30546500086;"LA NUEVA METROPOL S.A.T.A.C.I.";30/01/2027;260287;CENT;"INTERURBANO COMÚN CON AIRE ACONDICIONADO";SALDIVIA;"A 345";2024-141751642;;2025-4181948;CONTINENTAL;45168393;"194, 2077IE, 2077OE, 2077OP1, 2077OP11, 2077OP12, 2077OP13, 2077OP14, 2077OP15, 2077OP16, 2077OP17, 2077OP2, 2077OP23, 2077OP26, 2077OP27, 2077OP28, 2077OP29, 2077OP3, 2077OP30, 2077OP31, 2077OP32, 2077OP4";9BSK4X200S4084837;SCANIA;"K 280 B 4X2";NO;JN:NACIONAL;SI;"OLEU:2027-09-05, IE:2027-09-05, AC:2035-12-31, OLP:2030-12-31"
AH368QC;273;"SERVICIO COMÚN MEDIA DISTANCIA x AUTOPISTA";2025;46;2077;30546500086;"LA NUEVA METROPOL S.A.T.A.C.I.";06/02/2027;262038;CENT;"MEDIA DISTANCIA AUTOPISTA COMÚN";SALDIVIA;"A 345";2024-141750569;;2025-4177026;CONTINENTAL;45179838;195;9BSK4X200S4088316;SCANIA;"K 280 B 4X2";NO;JN:NACIONAL;SI;AC:2035-12-31
AH368QD;4248;"OFERTA LIBRE - EVENTO UNICO, INTERJURISDICCIONAL - EVENTO UNICO, SERVICIO COMÚN MEDIA DISTANCIA x AUTOPISTA, OFERTA LIBRE - PERIODICO";2025;45;2077;30546500086;"LA NUEVA METROPOL S.A.T.A.C.I.";30/01/2027;260290;CENT;"INTERURBANO COMÚN CON AIRE ACONDICIONADO";SALDIVIA;"A 345";2024-141751642;;2025-4181948;BVDR;45179764;"194, 2077IE, 2077OE, 2077OP1, 2077OP11, 2077OP12, 2077OP13, 2077OP14, 2077OP15, 2077OP16, 2077OP17, 2077OP2, 2077OP23, 2077OP26, 2077OP27, 2077OP28, 2077OP29, 2077OP3, 2077OP30, 2077OP31, 2077OP32, 2077OP4";9BSK4X200S4088321;SCANIA;"K 280 B 4X2";NO;JN:NACIONAL;SI;"OLEU:2027-09-05, IE:2027-09-05, AC:2035-12-31, OLP:2030-12-31"
AH368QE;4246;"OFERTA LIBRE - EVENTO UNICO, INTERJURISDICCIONAL - EVENTO UNICO, SERVICIO COMÚN MEDIA DISTANCIA x AUTOPISTA, OFERTA LIBRE - PERIODICO";2025;45;2077;30546500086;"LA NUEVA METROPOL S.A.T.A.C.I.";29/01/2027;260254;CENT;"INTERURBANO COMÚN CON AIRE ACONDICIONADO";SALDIVIA;"A 345";2024-141751642;;2025-4181948;BVDR;45179830;"194, 2077IE, 2077OE, 2077OP1, 2077OP11, 2077OP12, 2077OP13, 2077OP14, 2077OP15, 2077OP16, 2077OP17, 2077OP2, 2077OP23, 2077OP26, 2077OP27, 2077OP28, 2077OP29, 2077OP3, 2077OP30, 2077OP31, 2077OP32, 2077OP4";9BSK4X200S4088326;SCANIA;"K 280 B 4X2";NO;JN:NACIONAL;SI;"OLEU:2027-09-05, IE:2027-09-05, AC:2035-12-31, OLP:2030-12-31"
AH368QF;4249;"OFERTA LIBRE - EVENTO UNICO, INTERJURISDICCIONAL - EVENTO UNICO, SERVICIO COMÚN MEDIA DISTANCIA x AUTOPISTA, OFERTA LIBRE - PERIODICO";2025;45;2077;30546500086;"LA NUEVA METROPOL S.A.T.A.C.I.";30/01/2027;260286;CENT;"INTERURBANO COMÚN CON AIRE ACONDICIONADO";SALDIVIA;"A 345";2024-141751642;;2025-4181948;BVDR;45179840;"194, 2077IE, 2077OE, 2077OP1, 2077OP11, 2077OP12, 2077OP13, 2077OP14, 2077OP15, 2077OP16, 2077OP17, 2077OP2, 2077OP23, 2077OP26, 2077OP27, 2077OP28, 2077OP29, 2077OP3, 2077OP30, 2077OP31, 2077OP32, 2077OP4";9BSK4X200S4088320;SCANIA;"K 280 B 4X2";NO;JN:NACIONAL;SI;"OLEU:2027-09-05, IE:2027-09-05, AC:2035-12-31, OLP:2030-12-31"
AH368QG;4247;"OFERTA LIBRE - EVENTO UNICO, INTERJURISDICCIONAL - EVENTO UNICO, SERVICIO COMÚN MEDIA DISTANCIA x AUTOPISTA, OFERTA LIBRE - PERIODICO";2025;45;2077;30546500086;"LA NUEVA METROPOL S.A.T.A.C.I.";29/01/2027;260258;CENT;"INTERURBANO COMÚN CON AIRE ACONDICIONADO";SALDIVIA;"A 345";2024-141751642;;2025-4181948;BVDR;45179831;"194, 2077IE, 2077OE, 2077OP1, 2077OP11, 2077OP12, 2077OP13, 2077OP14, 2077OP15, 2077OP16, 2077OP17, 2077OP2, 2077OP23, 2077OP26, 2077OP27, 2077OP28, 2077OP29, 2077OP3, 2077OP30, 2077OP31, 2077OP32, 2077OP4";9BSK4X200S4088325;SCANIA;"K 280 B 4X2";NO;JN:NACIONAL;SI;"OLEU:2027-09-05, IE:2027-09-05, AC:2035-12-31, OLP:2030-12-31"
AH402KZ;;"OFERTA LIBRE - EVENTO UNICO, INTERJURISDICCIONAL - EVENTO UNICO, OFERTA LIBRE - PERIODICO";2025;19;2077;30546500086;"LA NUEVA METROPOL S.A.T.A.C.I.";09/12/2026;254018;CENT;"TURISMO / O. LIBRE";"MERCEDES BENZ";"SPRINTER 517 CDI MINIBUS 19+1 4325";2023-117415800;;2023-118651332;POSITRON;131520008250300496;"2077IE, 2077OE, 2077OP1, 2077OP11, 2077OP12, 2077OP13, 2077OP14, 2077OP15, 2077OP16, 2077OP17, 2077OP2, 2077OP23, 2077OP26, 2077OP27, 2077OP28, 2077OP29, 2077OP3, 2077OP30, 2077OP31, 2077OP32, 2077OP4";8AC907857SE262007;"MERCEDES BENZ";"SPRINTER 517 CDI";NO;JN:NACIONAL;SI;"OLEU:2027-09-05, IE:2027-09-05, OLP:2028-06-01"
AH402LA;;"OFERTA LIBRE - EVENTO UNICO, INTERJURISDICCIONAL - EVENTO UNICO, OFERTA LIBRE - PERIODICO";2025;19;2077;30546500086;"LA NUEVA METROPOL S.A.T.A.C.I.";05/12/2026;253929;CENT;"TURISMO / O. LIBRE";"MERCEDES BENZ";"SPRINTER 517 CDI MINIBUS 19+1 4325";2023-117415800;;2023-118651332;POSITRON;131520008250300498;"2077IE, 2077OE, 2077OP1, 2077OP11, 2077OP12, 2077OP13, 2077OP14, 2077OP15, 2077OP16, 2077OP17, 2077OP2, 2077OP23, 2077OP26, 2077OP27, 2077OP28, 2077OP29, 2077OP3, 2077OP30, 2077OP31, 2077OP32, 2077OP4";8AC907857SE262456;"MERCEDES BENZ";"SPRINTER 517 CDI";NO;JN:NACIONAL;SI;"OLEU:2027-09-05, IE:2027-09-05, OLP:2028-06-01"
AH649QG;4250;"OFERTA LIBRE - EVENTO UNICO, INTERJURISDICCIONAL - EVENTO UNICO, SERVICIO COMÚN MEDIA DISTANCIA x AUTOPISTA, OFERTA LIBRE - PERIODICO";2025;45;2077;30546500086;"LA NUEVA METROPOL S.A.T.A.C.I.";30/01/2027;260285;CENT;"INTERURBANO COMÚN CON AIRE ACONDICIONADO";SALDIVIA;"A 345";2023-61202397;;2023-65793063;CONTINENTAL;10415851;"194, 2077IE, 2077OE, 2077OP1, 2077OP11, 2077OP12, 2077OP13, 2077OP14, 2077OP15, 2077OP16, 2077OP17, 2077OP2, 2077OP23, 2077OP26, 2077OP27, 2077OP28, 2077OP29, 2077OP3, 2077OP30, 2077OP31, 2077OP32, 2077OP4";9BSK4X200P4021493;SCANIA;"K 340 4x2 B GNC";NO;JN:NACIONAL;SI;"OLEU:2027-09-05, IE:2027-09-05, AC:2035-12-31, OLP:2030-12-31"
MBQ465;151;"OFERTA LIBRE - EVENTO UNICO, INTERJURISDICCIONAL - EVENTO UNICO, SERVICIO COMÚN MEDIA DISTANCIA x AUTOPISTA, OFERTA LIBRE - PERIODICO";2013;45;2077;30546500086;"LA NUEVA METROPOL S.A.T.A.C.I.";27/11/2026;260166;CENT;"MEDIA DISTANCIA AUTOPISTA DIFERENCIAL";METALPAR;;40650/2012;;0009/12;"SEVA DT-1050";3719340860;"195, 2077IE, 2077OE, 2077OP1, 2077OP11, 2077OP12, 2077OP13, 2077OP14, 2077OP15, 2077OP16, 2077OP17, 2077OP2, 2077OP23, 2077OP26, 2077OP27, 2077OP28, 2077OP29, 2077OP3, 2077OP30, 2077OP31, 2077OP32, 2077OP4";8AB368187DA141317;"MERCEDES BENZ";"OH 1718 L/62";NO;JN:NACIONAL;SI;"OLEU:2027-09-05, IE:2027-09-05, AC:2026-12-31, OLP:2026-12-31"
MBQ468;156;"OFERTA LIBRE - EVENTO UNICO, INTERJURISDICCIONAL - EVENTO UNICO, SERVICIO COMÚN MEDIA DISTANCIA x AUTOPISTA, OFERTA LIBRE - PERIODICO";2013;45;2077;30546500086;"LA NUEVA METROPOL S.A.T.A.C.I.";10/10/2026;254025;CENT;"MEDIA DISTANCIA AUTOPISTA DIFERENCIAL";METALPAR;;40650/2012;;0009/12;"SEVA DT-1050";3719340750;"194, 2077IE, 2077OE, 2077OP1, 2077OP11, 2077OP12, 2077OP13, 2077OP14, 2077OP15, 2077OP16, 2077OP17, 2077OP2, 2077OP23, 2077OP26, 2077OP27, 2077OP28, 2077OP29, 2077OP3, 2077OP30, 2077OP31, 2077OP32, 2077OP4";8AB368187DA141280;"MERCEDES BENZ";"OH 1718 L/62";NO;JN:NACIONAL;SI;"OLEU:2027-09-05, IE:2027-09-05, AC:2026-12-31, OLP:2026-12-31"
MCR148;103;"OFERTA LIBRE - EVENTO UNICO, INTERJURISDICCIONAL - EVENTO UNICO, SERVICIO COMÚN MEDIA DISTANCIA x AUTOPISTA, OFERTA LIBRE - PERIODICO";2013;45;2077;30546500086;"LA NUEVA METROPOL S.A.T.A.C.I.";27/12/2026;420299;CENT;"MEDIA DISTANCIA AUTOPISTA DIFERENCIAL";METALPAR;;40650/2012;;0009/12;"SEVA DT-1050";3718305610;"195, 2077IE, 2077OE, 2077OP1, 2077OP11, 2077OP12, 2077OP13, 2077OP14, 2077OP15, 2077OP16, 2077OP17, 2077OP2, 2077OP23, 2077OP26, 2077OP27, 2077OP28, 2077OP29, 2077OP3, 2077OP30, 2077OP31, 2077OP32, 2077OP4";8AB368187CA141204;"MERCEDES BENZ";"OH 1718 L/62";NO;JN:NACIONAL;SI;"OLEU:2027-09-05, IE:2027-09-05, AC:2026-12-31, OLP:2026-12-31"
MCR153;329;"OFERTA LIBRE - EVENTO UNICO, INTERJURISDICCIONAL - EVENTO UNICO, SERVICIO COMÚN MEDIA DISTANCIA x AUTOPISTA, OFERTA LIBRE - PERIODICO";2013;45;2077;30546500086;"LA NUEVA METROPOL S.A.T.A.C.I.";15/12/2026;419395;CENT;"MEDIA DISTANCIA AUTOPISTA DIFERENCIAL";METALPAR;;40650/2012;;0009/12;"SEVA DT-1050";3718454182;"195, 2077IE, 2077OE, 2077OP1, 2077OP11, 2077OP12, 2077OP13, 2077OP14, 2077OP15, 2077OP16, 2077OP17, 2077OP2, 2077OP23, 2077OP26, 2077OP27, 2077OP28, 2077OP29, 2077OP3, 2077OP30, 2077OP31, 2077OP32, 2077OP4";8AB368187DA141345;"MERCEDES BENZ";"OH 1718 L/62";NO;JN:NACIONAL;SI;"OLEU:2027-09-05, IE:2027-09-05, AC:2026-12-31, OLP:2026-12-31"
MCR162;;"OFERTA LIBRE - EVENTO UNICO, INTERJURISDICCIONAL - EVENTO UNICO, OFERTA LIBRE - PERIODICO";2013;45;2077;30546500086;"LA NUEVA METROPOL S.A.T.A.C.I.";01/12/2026;260331;CENT;"MEDIA DISTANCIA AUTOPISTA DIFERENCIAL";METALPAR;;40650/2012;;0009/12;"SEVA DT-1050";3718105578;"2077IE, 2077OE, 2077OP1, 2077OP11, 2077OP12, 2077OP13, 2077OP14, 2077OP15, 2077OP16, 2077OP17, 2077OP2, 2077OP23, 2077OP26, 2077OP27, 2077OP28, 2077OP29, 2077OP3, 2077OP30, 2077OP31, 2077OP32, 2077OP4";8AB368187CA141235;"MERCEDES BENZ";"OH 1718 L/62";NO;JN:NACIONAL;SI;"OLEU:2027-09-05, IE:2027-09-05, OLP:2026-12-31"
MCU830;153;"OFERTA LIBRE - EVENTO UNICO, INTERJURISDICCIONAL - EVENTO UNICO, SERVICIO COMÚN MEDIA DISTANCIA x AUTOPISTA, OFERTA LIBRE - PERIODICO";2013;45;2077;30546500086;"LA NUEVA METROPOL S.A.T.A.C.I.";31/12/2026;422142;CENT;"MEDIA DISTANCIA AUTOPISTA DIFERENCIAL";METALPAR;;40650/2012;;0009/12;"SEVA DT-1050";3719340697;"195, 2077IE, 2077OE, 2077OP1, 2077OP11, 2077OP12, 2077OP13, 2077OP14, 2077OP15, 2077OP16, 2077OP17, 2077OP2, 2077OP23, 2077OP26, 2077OP27, 2077OP28, 2077OP29, 2077OP3, 2077OP30, 2077OP31, 2077OP32, 2077OP4";8AB368187DA141346;"MERCEDES BENZ";"OH 1718 L/62";NO;JN:NACIONAL;SI;"OLEU:2027-09-05, IE:2027-09-05, AC:2026-12-31, OLP:2026-12-31"
MCU847;327;"OFERTA LIBRE - EVENTO UNICO, INTERJURISDICCIONAL - EVENTO UNICO, SERVICIO COMÚN MEDIA DISTANCIA x AUTOPISTA, OFERTA LIBRE - PERIODICO";2013;47;2077;30546500086;"LA NUEVA METROPOL S.A.T.A.C.I.";08/11/2026;259350;CENT;"INTERURBANO COMÚN CON AIRE ACONDICIONADO";MURABITO;;18021/2010;;0124/10;"SEVA DT-1050";3719340807;"195, 2077IE, 2077OE, 2077OP1, 2077OP11, 2077OP12, 2077OP13, 2077OP14, 2077OP15, 2077OP16, 2077OP17, 2077OP2, 2077OP23, 2077OP26, 2077OP27, 2077OP28, 2077OP29, 2077OP3, 2077OP30, 2077OP31, 2077OP32, 2077OP4";9BM382185CB849889;"MERCEDES BENZ";"O 500";NO;JN:NACIONAL;SI;"OLEU:2027-09-05, IE:2027-09-05, AC:2026-12-31, OLP:2026-12-31"
MCU848;;"OFERTA LIBRE - EVENTO UNICO, INTERJURISDICCIONAL - EVENTO UNICO, OFERTA LIBRE - PERIODICO";2013;47;2077;30546500086;"LA NUEVA METROPOL S.A.T.A.C.I.";15/12/2026;419402;CENT;"INTERURBANO COMÚN CON AIRE ACONDICIONADO";MURABITO;;18021/2010;;0124/10;"SEVA DT-1050";3718105538;"2077IE, 2077OE, 2077OP1, 2077OP11, 2077OP12, 2077OP13, 2077OP14, 2077OP15, 2077OP16, 2077OP17, 2077OP2, 2077OP23, 2077OP26, 2077OP27, 2077OP28, 2077OP29, 2077OP3, 2077OP30, 2077OP31, 2077OP32, 2077OP4";9BM382185CB850732;"MERCEDES BENZ";"O 500";NO;JN:NACIONAL;SI;"OLEU:2027-09-05, IE:2027-09-05, OLP:2026-12-31"
MCU854;130;"SERVICIO COMÚN MEDIA DISTANCIA x AUTOPISTA";2013;45;2077;30546500086;"LA NUEVA METROPOL S.A.T.A.C.I.";28/11/2026;260219;CENT;"MEDIA DISTANCIA AUTOPISTA DIFERENCIAL";METALPAR;;407943/2010;;2516/10;CONTINENTAL;08221194;195;8AB368187DA141304;"MERCEDES BENZ";"OH 1718 L/62";NO;JN:NACIONAL;NO;AC:2025-09-18
MCU872;;"OFERTA LIBRE - EVENTO UNICO, INTERJURISDICCIONAL - EVENTO UNICO, OFERTA LIBRE - PERIODICO";2013;47;2077;30546500086;"LA NUEVA METROPOL S.A.T.A.C.I.";01/12/2026;419415;CENT;"INTERURBANO COMÚN CON AIRE ACONDICIONADO";MURABITO;;18021/2010;;0124/10;"SEVA DT-1050";3718105569;"2077IE, 2077OE, 2077OP1, 2077OP11, 2077OP12, 2077OP13, 2077OP14, 2077OP15, 2077OP16, 2077OP17, 2077OP2, 2077OP23, 2077OP26, 2077OP27, 2077OP28, 2077OP29, 2077OP3, 2077OP30, 2077OP31, 2077OP32, 2077OP4";9BM382185CB850592;"MERCEDES BENZ";"O 500";NO;JN:NACIONAL;SI;"OLEU:2027-09-05, IE:2027-09-05, OLP:2026-12-31"
MCU874;;"OFERTA LIBRE - EVENTO UNICO, INTERJURISDICCIONAL - EVENTO UNICO, OFERTA LIBRE - PERIODICO";2013;45;2077;30546500086;"LA NUEVA METROPOL S.A.T.A.C.I.";29/12/2026;420374;CENT;"MEDIA DISTANCIA AUTOPISTA DIFERENCIAL";METALPAR;;40650/2012;;0009/12;"SEVA DT-1050";3718454180;"2077IE, 2077OE, 2077OP1, 2077OP11, 2077OP12, 2077OP13, 2077OP14, 2077OP15, 2077OP16, 2077OP17, 2077OP2, 2077OP23, 2077OP26, 2077OP27, 2077OP28, 2077OP29, 2077OP3, 2077OP30, 2077OP31, 2077OP32, 2077OP4";8AB368187DA141880;"MERCEDES BENZ";"OH 1718 L/62";NO;JN:NACIONAL;SI;"OLEU:2027-09-05, IE:2027-09-05, OLP:2026-12-31"
MCU894;;"OFERTA LIBRE - EVENTO UNICO, INTERJURISDICCIONAL - EVENTO UNICO, OFERTA LIBRE - PERIODICO";2013;45;2077;30546500086;"LA NUEVA METROPOL S.A.T.A.C.I.";08/12/2026;262097;CENT;"MEDIA DISTANCIA AUTOPISTA DIFERENCIAL";METALPAR;;40650/2012;;0009/12;"SEVA DT-1050";3718454178;"2077IE, 2077OE, 2077OP1, 2077OP11, 2077OP12, 2077OP13, 2077OP14, 2077OP15, 2077OP16, 2077OP17, 2077OP2, 2077OP23, 2077OP26, 2077OP27, 2077OP28, 2077OP29, 2077OP3, 2077OP30, 2077OP31, 2077OP32, 2077OP4";8AB368187DA141334;"MERCEDES BENZ";"OH 1718 L/62";NO;JN:NACIONAL;SI;"OLEU:2027-09-05, IE:2027-09-05, OLP:2026-12-31"
MCU895;104;"OFERTA LIBRE - EVENTO UNICO, INTERJURISDICCIONAL - EVENTO UNICO, SERVICIO COMÚN MEDIA DISTANCIA x AUTOPISTA, OFERTA LIBRE - PERIODICO";2013;45;2077;30546500086;"LA NUEVA METROPOL S.A.T.A.C.I.";19/12/2026;419448;CENT;"MEDIA DISTANCIA AUTOPISTA DIFERENCIAL";METALPAR;;40650/2012;;0009/12;"SEVA DT-1050";3718454174;"195, 2077IE, 2077OE, 2077OP1, 2077OP11, 2077OP12, 2077OP13, 2077OP14, 2077OP15, 2077OP16, 2077OP17, 2077OP2, 2077OP23, 2077OP26, 2077OP27, 2077OP28, 2077OP29, 2077OP3, 2077OP30, 2077OP31, 2077OP32, 2077OP4";8AB368187DA141333;"MERCEDES BENZ";"OH 1718 L/62";NO;JN:NACIONAL;SI;"OLEU:2027-09-05, IE:2027-09-05, AC:2026-12-31, OLP:2026-12-31"
MCU896;;"OFERTA LIBRE - EVENTO UNICO, INTERJURISDICCIONAL - EVENTO UNICO, OFERTA LIBRE - PERIODICO";2013;45;2077;30546500086;"LA NUEVA METROPOL S.A.T.A.C.I.";25/11/2026;260147;CENT;"MEDIA DISTANCIA AUTOPISTA DIFERENCIAL";METALPAR;;40650/2012;;0009/12;"SEVA DT-1050";3718105579;"2077IE, 2077OE, 2077OP1, 2077OP11, 2077OP12, 2077OP13, 2077OP14, 2077OP15, 2077OP16, 2077OP17, 2077OP2, 2077OP23, 2077OP26, 2077OP27, 2077OP28, 2077OP29, 2077OP3, 2077OP30, 2077OP31, 2077OP32, 2077OP4";8AB368187DA141316;"MERCEDES BENZ";"OH 1718 L/62";NO;JN:NACIONAL;SI;"OLEU:2027-09-05, IE:2027-09-05, OLP:2026-12-31"
MCU897;;"OFERTA LIBRE - EVENTO UNICO, INTERJURISDICCIONAL - EVENTO UNICO, OFERTA LIBRE - PERIODICO";2013;45;2077;30546500086;"LA NUEVA METROPOL S.A.T.A.C.I.";31/12/2026;422185;CENT;"MEDIA DISTANCIA AUTOPISTA DIFERENCIAL";METALPAR;;40650/2012;;0009/12;"SEVA DT-1050";3718220317;"2077IE, 2077OE, 2077OP1, 2077OP11, 2077OP12, 2077OP13, 2077OP14, 2077OP15, 2077OP16, 2077OP17, 2077OP2, 2077OP23, 2077OP26, 2077OP27, 2077OP28, 2077OP29, 2077OP3, 2077OP30, 2077OP31, 2077OP32, 2077OP4";8AB368187DA141351;"MERCEDES BENZ";"OH 1718 L/62";NO;JN:NACIONAL;SI;"OLEU:2027-09-05, IE:2027-09-05, OLP:2026-12-31"
NDW054;237;"OFERTA LIBRE - EVENTO UNICO, INTERJURISDICCIONAL - EVENTO UNICO, SERVICIO COMÚN MEDIA DISTANCIA x AUTOPISTA, OFERTA LIBRE - PERIODICO";2013;45;2077;30546500086;"LA NUEVA METROPOL S.A.T.A.C.I.";10/11/2026;259353;CENT;"MEDIA DISTANCIA AUTOPISTA DIFERENCIAL";METALPAR;;407943/2010;;2516/10;"SEVA DT-1050";3718220321;"194, 2077IE, 2077OE, 2077OP1, 2077OP11, 2077OP12, 2077OP13, 2077OP14, 2077OP15, 2077OP16, 2077OP17, 2077OP2, 2077OP23, 2077OP26, 2077OP27, 2077OP28, 2077OP29, 2077OP3, 2077OP30, 2077OP31, 2077OP32, 2077OP4";8AB368187DA142492;"MERCEDES BENZ";"OH 1718 L/62";NO;JN:NACIONAL;NO;"OLEU:2027-09-05, IE:2027-09-05, AC:2026-12-31, OLP:2026-12-31"
NDW057;326;"OFERTA LIBRE - EVENTO UNICO, INTERJURISDICCIONAL - EVENTO UNICO, SERVICIO COMÚN MEDIA DISTANCIA x AUTOPISTA, OFERTA LIBRE - PERIODICO";2013;45;2077;30546500086;"LA NUEVA METROPOL S.A.T.A.C.I.";24/12/2026;420215;CENT;"MEDIA DISTANCIA AUTOPISTA DIFERENCIAL";METALPAR;;40650/2012;;0009/12;"SEVA DT-1050";3718105547;"195, 2077IE, 2077OE, 2077OP1, 2077OP11, 2077OP12, 2077OP13, 2077OP14, 2077OP15, 2077OP16, 2077OP17, 2077OP2, 2077OP23, 2077OP26, 2077OP27, 2077OP28, 2077OP29, 2077OP3, 2077OP30, 2077OP31, 2077OP32, 2077OP4";8AB368187DA143709;"MERCEDES BENZ";"OH 1718 L/62";NO;JN:NACIONAL;SI;"OLEU:2027-09-05, IE:2027-09-05, AC:2026-12-31, OLP:2026-12-31"
NEP755;129;"OFERTA LIBRE - EVENTO UNICO, INTERJURISDICCIONAL - EVENTO UNICO, SERVICIO COMÚN MEDIA DISTANCIA x AUTOPISTA, OFERTA LIBRE - PERIODICO";2013;45;2077;30546500086;"LA NUEVA METROPOL S.A.T.A.C.I.";31/12/2026;420450;CENT;"MEDIA DISTANCIA AUTOPISTA DIFERENCIAL";METALPAR;;40650/2012;;0009/12;"SEVA DT-1050";3718105572;"194, 2077IE, 2077OE, 2077OP1, 2077OP11, 2077OP12, 2077OP13, 2077OP14, 2077OP15, 2077OP16, 2077OP17, 2077OP2, 2077OP23, 2077OP26, 2077OP27, 2077OP28, 2077OP29, 2077OP3, 2077OP30, 2077OP31, 2077OP32, 2077OP4";8AB368187DA143545;"MERCEDES BENZ";"OH 1718 L/62";NO;JN:NACIONAL;SI;"OLEU:2027-09-05, IE:2027-09-05, AC:2026-12-31, OLP:2026-12-31"
NMH984;;"OFERTA LIBRE - EVENTO UNICO, INTERJURISDICCIONAL - EVENTO UNICO, OFERTA LIBRE - PERIODICO";2013;45;2077;30546500086;"LA NUEVA METROPOL S.A.T.A.C.I.";27/10/2026;255850;CENT;"INTERURBANO COMÚN CON AIRE ACONDICIONADO";COMIL;;62447/2006;;142/07;"SEVA DT-1050";3718454163;"2077IE, 2077OE, 2077OP1, 2077OP11, 2077OP12, 2077OP13, 2077OP14, 2077OP15, 2077OP16, 2077OP17, 2077OP2, 2077OP23, 2077OP26, 2077OP27, 2077OP28, 2077OP29, 2077OP3, 2077OP30, 2077OP31, 2077OP32, 2077OP4";9BM382185DB896436;"MERCEDES BENZ";"O 500 M";NO;JN:NACIONAL;SI;"OLEU:2027-09-05, IE:2027-09-05, OLP:2026-12-31"
NMH986;;"OFERTA LIBRE - EVENTO UNICO, INTERJURISDICCIONAL - EVENTO UNICO, OFERTA LIBRE - PERIODICO";2013;45;2077;30546500086;"LA NUEVA METROPOL S.A.T.A.C.I.";01/12/2026;419444;CENT;"INTERURBANO COMÚN CON AIRE ACONDICIONADO";COMIL;;62447/2006;;142/07;"SEVA DT-1050";3718105573;"2077IE, 2077OE, 2077OP1, 2077OP11, 2077OP12, 2077OP13, 2077OP14, 2077OP15, 2077OP16, 2077OP17, 2077OP2, 2077OP23, 2077OP26, 2077OP27, 2077OP28, 2077OP29, 2077OP3, 2077OP30, 2077OP31, 2077OP32, 2077OP4";9BM382185DB891921;"MERCEDES BENZ";"O 500 M";NO;JN:NACIONAL;SI;"OLEU:2027-09-05, IE:2027-09-05, OLP:2026-12-31"
NMP779;230;"OFERTA LIBRE - EVENTO UNICO, INTERJURISDICCIONAL - EVENTO UNICO, SERVICIO COMÚN MEDIA DISTANCIA x AUTOPISTA, OFERTA LIBRE - PERIODICO";2014;45;2077;30546500086;"LA NUEVA METROPOL S.A.T.A.C.I.";14/12/2026;419359;CENT;"MEDIA DISTANCIA AUTOPISTA DIFERENCIAL";METALPAR;;40650/2012;;0009/12;"SEVA DT-1050";3719340792;"195, 2077IE, 2077OE, 2077OP1, 2077OP11, 2077OP12, 2077OP13, 2077OP14, 2077OP15, 2077OP16, 2077OP17, 2077OP2, 2077OP23, 2077OP26, 2077OP27, 2077OP28, 2077OP29, 2077OP3, 2077OP30, 2077OP31, 2077OP32, 2077OP4";8AB368187DA143496;"MERCEDES BENZ";"OH 1718 L/62";NO;JN:NACIONAL;SI;"OLEU:2027-09-05, IE:2027-09-05, AC:2027-12-31, OLP:2027-12-31"
NMP782;121;"OFERTA LIBRE - EVENTO UNICO, INTERJURISDICCIONAL - EVENTO UNICO, SERVICIO COMÚN MEDIA DISTANCIA x AUTOPISTA, OFERTA LIBRE - PERIODICO";2014;45;2077;30546500086;"LA NUEVA METROPOL S.A.T.A.C.I.";19/12/2026;419443;CENT;"MEDIA DISTANCIA AUTOPISTA DIFERENCIAL";METALPAR;;40650/2012;;0009/12;"SEVA DT-1050";3719340695;"195, 2077IE, 2077OE, 2077OP1, 2077OP11, 2077OP12, 2077OP13, 2077OP14, 2077OP15, 2077OP16, 2077OP17, 2077OP2, 2077OP23, 2077OP26, 2077OP27, 2077OP28, 2077OP29, 2077OP3, 2077OP30, 2077OP31, 2077OP32, 2077OP4";8AB368187DA143514;"MERCEDES BENZ";"OH 1718 L/62";NO;JN:NACIONAL;SI;"OLEU:2027-09-05, IE:2027-09-05, AC:2027-12-31, OLP:2027-12-31"
NMP798;126;"OFERTA LIBRE - EVENTO UNICO, INTERJURISDICCIONAL - EVENTO UNICO, SERVICIO COMÚN MEDIA DISTANCIA x AUTOPISTA, OFERTA LIBRE - PERIODICO";2014;45;2077;30546500086;"LA NUEVA METROPOL S.A.T.A.C.I.";24/12/2026;420211;CENT;"MEDIA DISTANCIA AUTOPISTA DIFERENCIAL";METALPAR;;40650/2012;;0009/12;"SEVA DT-1050";3718105554;"195, 2077IE, 2077OE, 2077OP1, 2077OP11, 2077OP12, 2077OP13, 2077OP14, 2077OP15, 2077OP16, 2077OP17, 2077OP2, 2077OP23, 2077OP26, 2077OP27, 2077OP28, 2077OP29, 2077OP3, 2077OP30, 2077OP31, 2077OP32, 2077OP4";8AB368187DA143473;"MERCEDES BENZ";"OH 1718 L/62";NO;JN:NACIONAL;SI;"OLEU:2027-09-05, IE:2027-09-05, AC:2027-12-31, OLP:2027-12-31"
NVS957;;"OFERTA LIBRE - EVENTO UNICO, INTERJURISDICCIONAL - EVENTO UNICO, OFERTA LIBRE - PERIODICO";2014;45;2077;30546500086;"LA NUEVA METROPOL S.A.T.A.C.I.";25/12/2026;420235;CENT;"MEDIA DISTANCIA AUTOPISTA DIFERENCIAL";METALPAR;;40650/2012;;0009/12;"SEVA DT-1050";3718220312;"2077IE, 2077OE, 2077OP1, 2077OP11, 2077OP12, 2077OP13, 2077OP14, 2077OP15, 2077OP16, 2077OP17, 2077OP2, 2077OP23, 2077OP26, 2077OP27, 2077OP28, 2077OP29, 2077OP3, 2077OP30, 2077OP31, 2077OP32, 2077OP4";8AB368185EA144541;"MERCEDES BENZ";"OH 1618 L-SB/55";NO;JN:NACIONAL;SI;"OLEU:2027-09-05, IE:2027-09-05, OLP:2027-12-31"
NVS959;102;"OFERTA LIBRE - EVENTO UNICO, INTERJURISDICCIONAL - EVENTO UNICO, SERVICIO COMÚN MEDIA DISTANCIA x AUTOPISTA, OFERTA LIBRE - PERIODICO";2014;45;2077;30546500086;"LA NUEVA METROPOL S.A.T.A.C.I.";25/12/2026;420253;CENT;"MEDIA DISTANCIA AUTOPISTA DIFERENCIAL";METALPAR;;40650/2012;;0009/12;"SEVA DT-1050";3718220322;"195, 2077IE, 2077OE, 2077OP1, 2077OP11, 2077OP12, 2077OP13, 2077OP14, 2077OP15, 2077OP16, 2077OP17, 2077OP2, 2077OP23, 2077OP26, 2077OP27, 2077OP28, 2077OP29, 2077OP3, 2077OP30, 2077OP31, 2077OP32, 2077OP4";8AB368187EA144569;"MERCEDES BENZ";"OH 1718 L/62";NO;JN:NACIONAL;SI;"OLEU:2027-09-05, IE:2027-09-05, AC:2027-12-31, OLP:2027-12-31"
NXD894;980;"OFERTA LIBRE - EVENTO UNICO, INTERJURISDICCIONAL - EVENTO UNICO, SERVICIO COMÚN MEDIA DISTANCIA x AUTOPISTA, OFERTA LIBRE - PERIODICO";2014;45;2077;30546500086;"LA NUEVA METROPOL S.A.T.A.C.I.";11/12/2026;262164;CENT;"MEDIA DISTANCIA AUTOPISTA DIFERENCIAL";METALPAR;;40650/2012;;0009/12;"SEVA DT-1050";3718220318;"194, 2077IE, 2077OE, 2077OP1, 2077OP11, 2077OP12, 2077OP13, 2077OP14, 2077OP15, 2077OP16, 2077OP17, 2077OP2, 2077OP23, 2077OP26, 2077OP27, 2077OP28, 2077OP29, 2077OP3, 2077OP30, 2077OP31, 2077OP32, 2077OP4";8AB368185EA144555;"MERCEDES BENZ";"OH 1618 L-SB/55";NO;JN:NACIONAL;SI;"OLEU:2027-09-05, IE:2027-09-05, AC:2027-12-31, OLP:2027-12-31"
NXD896;;"OFERTA LIBRE - EVENTO UNICO, INTERJURISDICCIONAL - EVENTO UNICO, OFERTA LIBRE - PERIODICO";2014;45;2077;30546500086;"LA NUEVA METROPOL S.A.T.A.C.I.";11/11/2026;259391;CENT;"MEDIA DISTANCIA AUTOPISTA DIFERENCIAL";METALPAR;;40650/2012;;0009/12;"SEVA DT-1050";3718220350;"2077IE, 2077OE, 2077OP1, 2077OP11, 2077OP12, 2077OP13, 2077OP14, 2077OP15, 2077OP16, 2077OP17, 2077OP2, 2077OP23, 2077OP26, 2077OP27, 2077OP28, 2077OP29, 2077OP3, 2077OP30, 2077OP31, 2077OP32, 2077OP4";8AB368185EA144556;"MERCEDES BENZ";"OH 1618 L-SB/55";NO;JN:NACIONAL;SI;"OLEU:2027-09-05, IE:2027-09-05, OLP:2027-12-31"
NXD899;232;"OFERTA LIBRE - EVENTO UNICO, INTERJURISDICCIONAL - EVENTO UNICO, SERVICIO COMÚN MEDIA DISTANCIA x AUTOPISTA, OFERTA LIBRE - PERIODICO";2014;45;2077;30546500086;"LA NUEVA METROPOL S.A.T.A.C.I.";13/12/2026;419323;CENT;"MEDIA DISTANCIA AUTOPISTA DIFERENCIAL";METALPAR;;40650/2012;;0009/12;"SEVA DT-1050";3718305645;"195, 2077IE, 2077OE, 2077OP1, 2077OP11, 2077OP12, 2077OP13, 2077OP14, 2077OP15, 2077OP16, 2077OP17, 2077OP2, 2077OP23, 2077OP26, 2077OP27, 2077OP28, 2077OP29, 2077OP3, 2077OP30, 2077OP31, 2077OP32, 2077OP4";8AB368185EA144551;"MERCEDES BENZ";"OH 1618 L-SB/55";NO;JN:NACIONAL;SI;"OLEU:2027-09-05, IE:2027-09-05, AC:2027-12-31, OLP:2027-12-31"
NXD904;127;"OFERTA LIBRE - EVENTO UNICO, INTERJURISDICCIONAL - EVENTO UNICO, SERVICIO COMÚN MEDIA DISTANCIA x AUTOPISTA, OFERTA LIBRE - PERIODICO";2014;45;2077;30546500086;"LA NUEVA METROPOL S.A.T.A.C.I.";23/10/2026;255740;CENT;"MEDIA DISTANCIA AUTOPISTA DIFERENCIAL";METALPAR;;40650/2012;;0009/12;CONTINENTAL;09517898;"195, 2077IE, 2077OE, 2077OP1, 2077OP11, 2077OP12, 2077OP13, 2077OP14, 2077OP15, 2077OP16, 2077OP17, 2077OP2, 2077OP23, 2077OP26, 2077OP27, 2077OP28, 2077OP29, 2077OP3, 2077OP30, 2077OP31, 2077OP32, 2077OP4";8AB368185EA144561;"MERCEDES BENZ";"OH 1618 L-SB/55";NO;JN:NACIONAL;SI;"OLEU:2027-09-05, IE:2027-09-05, AC:2027-12-31, OLP:2027-12-31"
NXD917;144;"OFERTA LIBRE - EVENTO UNICO, INTERJURISDICCIONAL - EVENTO UNICO, SERVICIO COMÚN MEDIA DISTANCIA x AUTOPISTA, OFERTA LIBRE - PERIODICO";2014;45;2077;30546500086;"LA NUEVA METROPOL S.A.T.A.C.I.";21/12/2026;419562;CENT;"MEDIA DISTANCIA AUTOPISTA DIFERENCIAL";METALPAR;;40650/2012;;0009/12;CONTINENTAL;09115630;"194, 2077IE, 2077OE, 2077OP1, 2077OP11, 2077OP12, 2077OP13, 2077OP14, 2077OP15, 2077OP16, 2077OP17, 2077OP2, 2077OP23, 2077OP26, 2077OP27, 2077OP28, 2077OP29, 2077OP3, 2077OP30, 2077OP31, 2077OP32, 2077OP4";8AB368185EA144564;"MERCEDES BENZ";"OH 1618 L-SB/55";NO;JN:NACIONAL;SI;"OLEU:2027-09-05, IE:2027-09-05, AC:2027-12-31, OLP:2027-12-31"
NYF357;997;"OFERTA LIBRE - EVENTO UNICO, INTERJURISDICCIONAL - EVENTO UNICO, SERVICIO COMÚN MEDIA DISTANCIA x AUTOPISTA, OFERTA LIBRE - PERIODICO";2014;45;2077;30546500086;"LA NUEVA METROPOL S.A.T.A.C.I.";13/11/2026;259414;CENT;"MEDIA DISTANCIA AUTOPISTA DIFERENCIAL";METALPAR;;40650/2012;;0009/12;"SEVA DT-1050";3718105537;"194, 2077IE, 2077OE, 2077OP1, 2077OP11, 2077OP12, 2077OP13, 2077OP14, 2077OP15, 2077OP16, 2077OP17, 2077OP2, 2077OP23, 2077OP26, 2077OP27, 2077OP28, 2077OP29, 2077OP3, 2077OP30, 2077OP31, 2077OP32, 2077OP4";8AB368187EA144482;"MERCEDES BENZ";"OH 1718 L/62";NO;JN:NACIONAL;SI;"OLEU:2027-09-05, IE:2027-09-05, AC:2027-12-31, OLP:2027-12-31"
NYF358;972;"OFERTA LIBRE - EVENTO UNICO, INTERJURISDICCIONAL - EVENTO UNICO, SERVICIO COMÚN MEDIA DISTANCIA x AUTOPISTA, OFERTA LIBRE - PERIODICO";2014;45;2077;30546500086;"LA NUEVA METROPOL S.A.T.A.C.I.";26/12/2026;420286;CENT;"MEDIA DISTANCIA AUTOPISTA DIFERENCIAL";METALPAR;;40650/2012;;0009/12;"SEVA DT-1050";3718454171;"194, 2077IE, 2077OE, 2077OP1, 2077OP11, 2077OP12, 2077OP13, 2077OP14, 2077OP15, 2077OP16, 2077OP17, 2077OP2, 2077OP23, 2077OP26, 2077OP27, 2077OP28, 2077OP29, 2077OP3, 2077OP30, 2077OP31, 2077OP32, 2077OP4";8AB368187EA144484;"MERCEDES BENZ";"OH 1718 L/62";NO;JN:NACIONAL;SI;"OLEU:2027-09-05, IE:2027-09-05, AC:2027-12-31, OLP:2027-12-31"
NYF359;995;"OFERTA LIBRE - EVENTO UNICO, INTERJURISDICCIONAL - EVENTO UNICO, SERVICIO COMÚN MEDIA DISTANCIA x AUTOPISTA, OFERTA LIBRE - PERIODICO";2014;45;2077;30546500086;"LA NUEVA METROPOL S.A.T.A.C.I.";23/10/2026;255734;CENT;"MEDIA DISTANCIA AUTOPISTA DIFERENCIAL";METALPAR;;40650/2012;;0009/12;"SEVA DT-1050";3718454159;"194, 2077IE, 2077OE, 2077OP1, 2077OP11, 2077OP12, 2077OP13, 2077OP14, 2077OP15, 2077OP16, 2077OP17, 2077OP2, 2077OP23, 2077OP26, 2077OP27, 2077OP28, 2077OP29, 2077OP3, 2077OP30, 2077OP31, 2077OP32, 2077OP4";8AB368187EA144568;"MERCEDES BENZ";"OH 1718 L/62";NO;JN:NACIONAL;SI;"OLEU:2027-09-05, IE:2027-09-05, AC:2027-12-31, OLP:2027-12-31"
NZB170;994;"OFERTA LIBRE - EVENTO UNICO, INTERJURISDICCIONAL - EVENTO UNICO, SERVICIO COMÚN MEDIA DISTANCIA x AUTOPISTA, OFERTA LIBRE - PERIODICO";2014;45;2077;30546500086;"LA NUEVA METROPOL S.A.T.A.C.I.";30/11/2026;260305;CENT;"MEDIA DISTANCIA AUTOPISTA DIFERENCIAL";METALPAR;;40650/2012;;0009/12;"SEVA DT-1050";3719340603;"194, 2077IE, 2077OE, 2077OP1, 2077OP11, 2077OP12, 2077OP13, 2077OP14, 2077OP15, 2077OP16, 2077OP17, 2077OP2, 2077OP23, 2077OP26, 2077OP27, 2077OP28, 2077OP29, 2077OP3, 2077OP30, 2077OP31, 2077OP32, 2077OP4";8AB368187EA144473;"MERCEDES BENZ";"OH 1718 L/62";NO;JN:NACIONAL;SI;"OLEU:2027-09-05, IE:2027-09-05, AC:2027-12-31, OLP:2027-12-31"
NZB171;231;"OFERTA LIBRE - EVENTO UNICO, INTERJURISDICCIONAL - EVENTO UNICO, SERVICIO COMÚN MEDIA DISTANCIA x AUTOPISTA, OFERTA LIBRE - PERIODICO";2014;45;2077;30546500086;"LA NUEVA METROPOL S.A.T.A.C.I.";19/12/2026;419446;CENT;"MEDIA DISTANCIA AUTOPISTA DIFERENCIAL";METALPAR;;40650/2012;;0009/12;"SEVA DT-1050";3718105540;"195, 2077IE, 2077OE, 2077OP1, 2077OP11, 2077OP12, 2077OP13, 2077OP14, 2077OP15, 2077OP16, 2077OP17, 2077OP2, 2077OP23, 2077OP26, 2077OP27, 2077OP28, 2077OP29, 2077OP3, 2077OP30, 2077OP31, 2077OP32, 2077OP4";8AB368187EA144549;"MERCEDES BENZ";"OH 1718 L/62";NO;JN:NACIONAL;SI;"OLEU:2027-09-05, IE:2027-09-05, AC:2027-12-31, OLP:2027-12-31"
NZB173;993;"OFERTA LIBRE - EVENTO UNICO, INTERJURISDICCIONAL - EVENTO UNICO, SERVICIO COMÚN MEDIA DISTANCIA x AUTOPISTA, OFERTA LIBRE - PERIODICO";2014;45;2077;30546500086;"LA NUEVA METROPOL S.A.T.A.C.I.";26/10/2026;255822;CENT;"MEDIA DISTANCIA AUTOPISTA DIFERENCIAL";METALPAR;;40650/2012;;0009/12;CONTINENTAL;09517891;"194, 2077IE, 2077OE, 2077OP1, 2077OP11, 2077OP12, 2077OP13, 2077OP14, 2077OP15, 2077OP16, 2077OP17, 2077OP2, 2077OP23, 2077OP26, 2077OP27, 2077OP28, 2077OP29, 2077OP3, 2077OP30, 2077OP31, 2077OP32, 2077OP4";8AB368187EA144562;"MERCEDES BENZ";"OH 1718 L/62";NO;JN:NACIONAL;SI;"OLEU:2027-09-05, IE:2027-09-05, AC:2027-12-31, OLP:2027-12-31"
NZB174;996;"OFERTA LIBRE - EVENTO UNICO, INTERJURISDICCIONAL - EVENTO UNICO, SERVICIO COMÚN MEDIA DISTANCIA x AUTOPISTA, OFERTA LIBRE - PERIODICO";2014;45;2077;30546500086;"LA NUEVA METROPOL S.A.T.A.C.I.";13/11/2026;257782;CENT;"MEDIA DISTANCIA AUTOPISTA DIFERENCIAL";METALPAR;;40650/2012;;0009/12;CONTINENTAL;09517890;"194, 2077IE, 2077OE, 2077OP1, 2077OP11, 2077OP12, 2077OP13, 2077OP14, 2077OP15, 2077OP16, 2077OP17, 2077OP2, 2077OP23, 2077OP26, 2077OP27, 2077OP28, 2077OP29, 2077OP3, 2077OP30, 2077OP31, 2077OP32, 2077OP4";8AB368187EA144571;"MERCEDES BENZ";"OH 1718 L/62";NO;JN:NACIONAL;SI;"OLEU:2027-09-05, IE:2027-09-05, AC:2027-12-31, OLP:2027-12-31"
NZB175;978;"OFERTA LIBRE - EVENTO UNICO, INTERJURISDICCIONAL - EVENTO UNICO, SERVICIO COMÚN MEDIA DISTANCIA x AUTOPISTA, OFERTA LIBRE - PERIODICO";2015;45;2077;30546500086;"LA NUEVA METROPOL S.A.T.A.C.I.";12/10/2026;254119;CENT;"MEDIA DISTANCIA AUTOPISTA DIFERENCIAL";METALPAR;;40650/2012;;0009/12;"SEVA DT-1050";3718105549;"194, 2077IE, 2077OE, 2077OP1, 2077OP11, 2077OP12, 2077OP13, 2077OP14, 2077OP15, 2077OP16, 2077OP17, 2077OP2, 2077OP23, 2077OP26, 2077OP27, 2077OP28, 2077OP29, 2077OP3, 2077OP30, 2077OP31, 2077OP32, 2077OP4";8AB368187EA144550;"MERCEDES BENZ";"OH 1718 L/62";NO;JN:NACIONAL;SI;"OLEU:2027-09-05, IE:2027-09-05, AC:2028-12-31, OLP:2028-12-31"
OAC985;;"OFERTA LIBRE - EVENTO UNICO, INTERJURISDICCIONAL - EVENTO UNICO, OFERTA LIBRE - PERIODICO";2014;45;2077;30546500086;"LA NUEVA METROPOL S.A.T.A.C.I.";08/10/2026;253993;CENT;"INTERURBANO COMÚN CON AIRE ACONDICIONADO";MURABITO;;408513/2012;;004/12;"SEVA DT-1050";3718105548;"2077IE, 2077OE, 2077OP1, 2077OP11, 2077OP12, 2077OP13, 2077OP14, 2077OP15, 2077OP16, 2077OP17, 2077OP2, 2077OP23, 2077OP26, 2077OP27, 2077OP28, 2077OP29, 2077OP3, 2077OP30, 2077OP31, 2077OP32, 2077OP4";9BM382185EB923995;"MERCEDES BENZ";"O 500 M";NO;JN:NACIONAL;SI;"OLEU:2027-09-05, IE:2027-09-05, OLP:2027-12-31"
OAC986;;"OFERTA LIBRE - EVENTO UNICO, INTERJURISDICCIONAL - EVENTO UNICO, OFERTA LIBRE - PERIODICO";2014;45;2077;30546500086;"LA NUEVA METROPOL S.A.T.A.C.I.";25/10/2026;255778;CENT;"MEDIA DISTANCIA AUTOPISTA DIFERENCIAL";METALPAR;;40650/2012;;0009/12;"SEVA DT-1050";3718220306;"2077IE, 2077OE, 2077OP1, 2077OP11, 2077OP12, 2077OP13, 2077OP14, 2077OP15, 2077OP16, 2077OP17, 2077OP2, 2077OP23, 2077OP26, 2077OP27, 2077OP28, 2077OP29, 2077OP3, 2077OP30, 2077OP31, 2077OP32, 2077OP4";8AB368187EA143468;"MERCEDES BENZ";"OH 1718 L/62";NO;JN:NACIONAL;SI;"OLEU:2027-09-05, IE:2027-09-05, OLP:2027-12-31"
OME492;909;"OFERTA LIBRE - EVENTO UNICO, INTERJURISDICCIONAL - EVENTO UNICO, SERVICIO COMÚN MEDIA DISTANCIA x AUTOPISTA, OFERTA LIBRE - PERIODICO";2014;45;2077;30546500086;"LA NUEVA METROPOL S.A.T.A.C.I.";03/10/2026;253062;CENT;"MEDIA DISTANCIA AUTOPISTA DIFERENCIAL";METALPAR;;96760/2014;;0100/14;"SEVA DT-1050";3718267633;"194, 2077IE, 2077OE, 2077OP1, 2077OP11, 2077OP12, 2077OP13, 2077OP14, 2077OP15, 2077OP16, 2077OP17, 2077OP2, 2077OP23, 2077OP26, 2077OP27, 2077OP28, 2077OP29, 2077OP3, 2077OP30, 2077OP31, 2077OP32, 2077OP4";9BM382189EB916449;"MERCEDES BENZ";"O 500 U";NO;JN:NACIONAL;SI;"OLEU:2027-09-05, IE:2027-09-05, AC:2027-12-31, OLP:2027-12-31"
OME493;964;"OFERTA LIBRE - EVENTO UNICO, INTERJURISDICCIONAL - EVENTO UNICO, SERVICIO COMÚN MEDIA DISTANCIA x AUTOPISTA, OFERTA LIBRE - PERIODICO";2014;45;2077;30546500086;"LA NUEVA METROPOL S.A.T.A.C.I.";13/11/2026;257770;CENT;"MEDIA DISTANCIA AUTOPISTA DIFERENCIAL";METALPAR;;96760/2014;;0100/14;"SEVA DT-1050";3719340614;"194, 2077IE, 2077OE, 2077OP1, 2077OP11, 2077OP12, 2077OP13, 2077OP14, 2077OP15, 2077OP16, 2077OP17, 2077OP2, 2077OP23, 2077OP26, 2077OP27, 2077OP28, 2077OP29, 2077OP3, 2077OP30, 2077OP31, 2077OP32, 2077OP4";9BM382189EB916098;"MERCEDES BENZ";"O 500 U";NO;JN:NACIONAL;SI;"OLEU:2027-09-05, IE:2027-09-05, AC:2027-12-31, OLP:2027-12-31"
OME494;896;"OFERTA LIBRE - EVENTO UNICO, INTERJURISDICCIONAL - EVENTO UNICO, SERVICIO COMÚN MEDIA DISTANCIA x AUTOPISTA, OFERTA LIBRE - PERIODICO";2014;45;2077;30546500086;"LA NUEVA METROPOL S.A.T.A.C.I.";30/11/2026;260266;CENT;"MEDIA DISTANCIA AUTOPISTA DIFERENCIAL";METALPAR;;96760/2014;;0100/14;"SEVA DT-1050";3718454162;"194, 2077IE, 2077OE, 2077OP1, 2077OP11, 2077OP12, 2077OP13, 2077OP14, 2077OP15, 2077OP16, 2077OP17, 2077OP2, 2077OP23, 2077OP26, 2077OP27, 2077OP28, 2077OP29, 2077OP3, 2077OP30, 2077OP31, 2077OP32, 2077OP4";9BM382189EB914170;"MERCEDES BENZ";"O 500 U";NO;JN:NACIONAL;SI;"OLEU:2027-09-05, IE:2027-09-05, AC:2027-12-31, OLP:2027-12-31"
OME495;880;"SERVICIO COMÚN MEDIA DISTANCIA x AUTOPISTA";2014;45;2077;30546500086;"LA NUEVA METROPOL S.A.T.A.C.I.";08/12/2026;262106;CENT;"MEDIA DISTANCIA AUTOPISTA DIFERENCIAL";METALPAR;;96760/2014;;0100/14;"SEVA DT-1050";3718305622;194;9BM382189EB910673;"MERCEDES BENZ";"O 500 U";NO;JN:NACIONAL;SI;AC:2027-12-31
OME496;968;"OFERTA LIBRE - EVENTO UNICO, INTERJURISDICCIONAL - EVENTO UNICO, SERVICIO COMÚN MEDIA DISTANCIA x AUTOPISTA, OFERTA LIBRE - PERIODICO";2014;45;2077;30546500086;"LA NUEVA METROPOL S.A.T.A.C.I.";17/10/2026;255619;CENT;"MEDIA DISTANCIA AUTOPISTA DIFERENCIAL";METALPAR;;96760/2014;;0100/14;"SEVA DT-1050";3718220316;"194, 2077IE, 2077OE, 2077OP1, 2077OP11, 2077OP12, 2077OP13, 2077OP14, 2077OP15, 2077OP16, 2077OP17, 2077OP2, 2077OP23, 2077OP26, 2077OP27, 2077OP28, 2077OP29, 2077OP3, 2077OP30, 2077OP31, 2077OP32, 2077OP4";9BM382189EB907553;"MERCEDES BENZ";"O 500 U";NO;JN:NACIONAL;SI;"OLEU:2027-09-05, IE:2027-09-05, AC:2027-12-31, OLP:2027-12-31"
OME497;924;"OFERTA LIBRE - EVENTO UNICO, INTERJURISDICCIONAL - EVENTO UNICO, SERVICIO COMÚN MEDIA DISTANCIA x AUTOPISTA, OFERTA LIBRE - PERIODICO";2014;45;2077;30546500086;"LA NUEVA METROPOL S.A.T.A.C.I.";28/11/2026;260212;CENT;"MEDIA DISTANCIA AUTOPISTA DIFERENCIAL";METALPAR;;96760/2014;;0100/14;"SEVA DT-1050";3719340820;"194, 2077IE, 2077OE, 2077OP1, 2077OP11, 2077OP12, 2077OP13, 2077OP14, 2077OP15, 2077OP16, 2077OP17, 2077OP2, 2077OP23, 2077OP26, 2077OP27, 2077OP28, 2077OP29, 2077OP3, 2077OP30, 2077OP31, 2077OP32, 2077OP4";9BM382189EB914377;"MERCEDES BENZ";"O 500 U";NO;JN:NACIONAL;SI;"OLEU:2027-09-05, IE:2027-09-05, AC:2027-12-31, OLP:2027-12-31"
OME503;905;"OFERTA LIBRE - EVENTO UNICO, INTERJURISDICCIONAL - EVENTO UNICO, SERVICIO COMÚN MEDIA DISTANCIA x AUTOPISTA, OFERTA LIBRE - PERIODICO";2014;45;2077;30546500086;"LA NUEVA METROPOL S.A.T.A.C.I.";30/11/2026;260265;CENT;"MEDIA DISTANCIA AUTOPISTA DIFERENCIAL";METALPAR;;96760/2014;;0100/14;"SEVA DT-1050";3718267706;"194, 2077IE, 2077OE, 2077OP1, 2077OP11, 2077OP12, 2077OP13, 2077OP14, 2077OP15, 2077OP16, 2077OP17, 2077OP2, 2077OP23, 2077OP26, 2077OP27, 2077OP28, 2077OP29, 2077OP3, 2077OP30, 2077OP31, 2077OP32, 2077OP4";9BM382189EB904317;"MERCEDES BENZ";"O 500 U";NO;JN:NACIONAL;SI;"OLEU:2027-09-05, IE:2027-09-05, AC:2027-12-31, OLP:2027-12-31"
OME504;892;"OFERTA LIBRE - EVENTO UNICO, INTERJURISDICCIONAL - EVENTO UNICO, SERVICIO COMÚN MEDIA DISTANCIA x AUTOPISTA, OFERTA LIBRE - PERIODICO";2014;45;2077;30546500086;"LA NUEVA METROPOL S.A.T.A.C.I.";29/11/2026;260237;CENT;"MEDIA DISTANCIA AUTOPISTA DIFERENCIAL";METALPAR;;96760/2014;;0100/14;"SEVA DT-1050";3718220315;"194, 2077IE, 2077OE, 2077OP1, 2077OP11, 2077OP12, 2077OP13, 2077OP14, 2077OP15, 2077OP16, 2077OP17, 2077OP2, 2077OP23, 2077OP26, 2077OP27, 2077OP28, 2077OP29, 2077OP3, 2077OP30, 2077OP31, 2077OP32, 2077OP4";9BM382189EB917253;"MERCEDES BENZ";"O 500 U";NO;JN:NACIONAL;SI;"OLEU:2027-09-05, IE:2027-09-05, AC:2027-12-31, OLP:2027-12-31"
OME505;887;"OFERTA LIBRE - EVENTO UNICO, INTERJURISDICCIONAL - EVENTO UNICO, SERVICIO COMÚN MEDIA DISTANCIA x AUTOPISTA, OFERTA LIBRE - PERIODICO";2014;45;2077;30546500086;"LA NUEVA METROPOL S.A.T.A.C.I.";12/12/2026;419313;CENT;"MEDIA DISTANCIA AUTOPISTA DIFERENCIAL";METALPAR;;96760/2014;;0100/14;"SEVA DT-1050";3718105543;"194, 2077IE, 2077OE, 2077OP1, 2077OP11, 2077OP12, 2077OP13, 2077OP14, 2077OP15, 2077OP16, 2077OP17, 2077OP2, 2077OP23, 2077OP26, 2077OP27, 2077OP28, 2077OP29, 2077OP3, 2077OP30, 2077OP31, 2077OP32, 2077OP4";9BM382189EB904863;"MERCEDES BENZ";"O 500 U";NO;JN:NACIONAL;SI;"OLEU:2027-09-05, IE:2027-09-05, AC:2027-12-31, OLP:2027-12-31"
OME506;883;"OFERTA LIBRE - EVENTO UNICO, INTERJURISDICCIONAL - EVENTO UNICO, SERVICIO COMÚN MEDIA DISTANCIA x AUTOPISTA, OFERTA LIBRE - PERIODICO";2014;45;2077;30546500086;"LA NUEVA METROPOL S.A.T.A.C.I.";04/12/2026;261983;CENT;"MEDIA DISTANCIA AUTOPISTA DIFERENCIAL";METALPAR;;96760/2014;;0100/14;"SEVA DT-1050";3718454188;"194, 2077IE, 2077OE, 2077OP1, 2077OP11, 2077OP12, 2077OP13, 2077OP14, 2077OP15, 2077OP16, 2077OP17, 2077OP2, 2077OP23, 2077OP26, 2077OP27, 2077OP28, 2077OP29, 2077OP3, 2077OP30, 2077OP31, 2077OP32, 2077OP4";9BM382189EB906395;"MERCEDES BENZ";"O 500 U";NO;JN:NACIONAL;SI;"OLEU:2027-09-05, IE:2027-09-05, AC:2027-12-31, OLP:2027-12-31"
OME507;882;"OFERTA LIBRE - EVENTO UNICO, INTERJURISDICCIONAL - EVENTO UNICO, SERVICIO COMÚN MEDIA DISTANCIA x AUTOPISTA, OFERTA LIBRE - PERIODICO";2014;45;2077;30546500086;"LA NUEVA METROPOL S.A.T.A.C.I.";02/10/2026;253009;CENT;"MEDIA DISTANCIA AUTOPISTA DIFERENCIAL";METALPAR;;96760/2014;;0100/14;"SEVA DT-1050";3718105534;"194, 2077IE, 2077OE, 2077OP1, 2077OP11, 2077OP12, 2077OP13, 2077OP14, 2077OP15, 2077OP16, 2077OP17, 2077OP2, 2077OP23, 2077OP26, 2077OP27, 2077OP28, 2077OP29, 2077OP3, 2077OP30, 2077OP31, 2077OP32, 2077OP4";9BM382189EB903789;"MERCEDES BENZ";"O 500 U";NO;JN:NACIONAL;SI;"OLEU:2027-09-05, IE:2027-09-05, AC:2027-12-31, OLP:2027-12-31"
OME508;890;"OFERTA LIBRE - EVENTO UNICO, INTERJURISDICCIONAL - EVENTO UNICO, SERVICIO COMÚN MEDIA DISTANCIA x AUTOPISTA, OFERTA LIBRE - PERIODICO";2014;45;2077;30546500086;"LA NUEVA METROPOL S.A.T.A.C.I.";22/10/2026;255710;CENT;"MEDIA DISTANCIA AUTOPISTA DIFERENCIAL";METALPAR;;96760/2014;;0100/14;"SEVA DT-1050";3718305614;"194, 2077IE, 2077OE, 2077OP1, 2077OP11, 2077OP12, 2077OP13, 2077OP14, 2077OP15, 2077OP16, 2077OP17, 2077OP2, 2077OP23, 2077OP26, 2077OP27, 2077OP28, 2077OP29, 2077OP3, 2077OP30, 2077OP31, 2077OP32, 2077OP4";9BM382189EB910354;"MERCEDES BENZ";"O 500 U";NO;JN:NACIONAL;SI;"OLEU:2027-09-05, IE:2027-09-05, AC:2027-12-31, OLP:2027-12-31"
OME509;894;"OFERTA LIBRE - EVENTO UNICO, INTERJURISDICCIONAL - EVENTO UNICO, SERVICIO COMÚN MEDIA DISTANCIA x AUTOPISTA, OFERTA LIBRE - PERIODICO";2014;45;2077;30546500086;"LA NUEVA METROPOL S.A.T.A.C.I.";14/11/2026;259452;CENT;"MEDIA DISTANCIA AUTOPISTA DIFERENCIAL";METALPAR;;96760/2014;;0100/14;"SEVA DT-1050";3718305647;"194, 2077IE, 2077OE, 2077OP1, 2077OP11, 2077OP12, 2077OP13, 2077OP14, 2077OP15, 2077OP16, 2077OP17, 2077OP2, 2077OP23, 2077OP26, 2077OP27, 2077OP28, 2077OP29, 2077OP3, 2077OP30, 2077OP31, 2077OP32, 2077OP4";9BM382189EB917023;"MERCEDES BENZ";"O 500 U";NO;JN:NACIONAL;SI;"OLEU:2027-09-05, IE:2027-09-05, AC:2027-12-31, OLP:2027-12-31"
OME510;885;"OFERTA LIBRE - EVENTO UNICO, INTERJURISDICCIONAL - EVENTO UNICO, SERVICIO COMÚN MEDIA DISTANCIA x AUTOPISTA, OFERTA LIBRE - PERIODICO";2014;45;2077;30546500086;"LA NUEVA METROPOL S.A.T.A.C.I.";19/10/2026;255671;CENT;"MEDIA DISTANCIA AUTOPISTA DIFERENCIAL";METALPAR;;96760/2014;;0100/14;"SEVA DT-1050";3718105580;"194, 2077IE, 2077OE, 2077OP1, 2077OP11, 2077OP12, 2077OP13, 2077OP14, 2077OP15, 2077OP16, 2077OP17, 2077OP2, 2077OP23, 2077OP26, 2077OP27, 2077OP28, 2077OP29, 2077OP3, 2077OP30, 2077OP31, 2077OP32, 2077OP4";9BM382189DB898139;"MERCEDES BENZ";"O 500 U";NO;JN:NACIONAL;SI;"OLEU:2027-09-05, IE:2027-09-05, AC:2027-12-31, OLP:2027-12-31"
OME512;921;"OFERTA LIBRE - EVENTO UNICO, INTERJURISDICCIONAL - EVENTO UNICO, SERVICIO COMÚN MEDIA DISTANCIA x AUTOPISTA, OFERTA LIBRE - PERIODICO";2014;45;2077;30546500086;"LA NUEVA METROPOL S.A.T.A.C.I.";02/10/2026;253005;CENT;"MEDIA DISTANCIA AUTOPISTA DIFERENCIAL";METALPAR;;96760/2014;;0100/14;"SEVA DT-1050";3718220347;"195, 2077IE, 2077OE, 2077OP1, 2077OP11, 2077OP12, 2077OP13, 2077OP14, 2077OP15, 2077OP16, 2077OP17, 2077OP2, 2077OP23, 2077OP26, 2077OP27, 2077OP28, 2077OP29, 2077OP3, 2077OP30, 2077OP31, 2077OP32, 2077OP4";9BM382189EB908143;"MERCEDES BENZ";"O 500 U";NO;JN:NACIONAL;SI;"OLEU:2027-09-05, IE:2027-09-05, AC:2027-12-31, OLP:2027-12-31"
OME513;881;"OFERTA LIBRE - EVENTO UNICO, INTERJURISDICCIONAL - EVENTO UNICO, SERVICIO COMÚN MEDIA DISTANCIA x AUTOPISTA, OFERTA LIBRE - PERIODICO";2014;45;2077;30546500086;"LA NUEVA METROPOL S.A.T.A.C.I.";28/11/2026;260199;CENT;"MEDIA DISTANCIA AUTOPISTA DIFERENCIAL";METALPAR;;96760/2014;;0100/14;"SEVA DT-1050";3718454173;"194, 2077IE, 2077OE, 2077OP1, 2077OP11, 2077OP12, 2077OP13, 2077OP14, 2077OP15, 2077OP16, 2077OP17, 2077OP2, 2077OP23, 2077OP26, 2077OP27, 2077OP28, 2077OP29, 2077OP3, 2077OP30, 2077OP31, 2077OP32, 2077OP4";9BM382189EB906449;"MERCEDES BENZ";"O 500 U";NO;JN:NACIONAL;SI;"OLEU:2027-09-05, IE:2027-09-05, AC:2027-12-31, OLP:2027-12-31"
OME517;898;"OFERTA LIBRE - EVENTO UNICO, INTERJURISDICCIONAL - EVENTO UNICO, SERVICIO COMÚN MEDIA DISTANCIA x AUTOPISTA, OFERTA LIBRE - PERIODICO";2014;45;2077;30546500086;"LA NUEVA METROPOL S.A.T.A.C.I.";02/10/2026;253024;CENT;"MEDIA DISTANCIA AUTOPISTA DIFERENCIAL";METALPAR;;96760/2014;;0100/14;"SEVA DT-1050";3718305636;"194, 2077IE, 2077OE, 2077OP1, 2077OP11, 2077OP12, 2077OP13, 2077OP14, 2077OP15, 2077OP16, 2077OP17, 2077OP2, 2077OP23, 2077OP26, 2077OP27, 2077OP28, 2077OP29, 2077OP3, 2077OP30, 2077OP31, 2077OP32, 2077OP4";9BM382189EB915632;"MERCEDES BENZ";"O 500 U";NO;JN:NACIONAL;SI;"OLEU:2027-09-05, IE:2027-09-05, AC:2027-12-31, OLP:2027-12-31"
OMG316;936;"OFERTA LIBRE - EVENTO UNICO, INTERJURISDICCIONAL - EVENTO UNICO, SERVICIO COMÚN MEDIA DISTANCIA x AUTOPISTA, OFERTA LIBRE - PERIODICO";2014;45;2077;30546500086;"LA NUEVA METROPOL S.A.T.A.C.I.";08/11/2026;259326;CENT;"MEDIA DISTANCIA AUTOPISTA DIFERENCIAL";METALPAR;;96760/2014;;0100/14;"SEVA DT-1050";3718230009;"194, 2077IE, 2077OE, 2077OP1, 2077OP11, 2077OP12, 2077OP13, 2077OP14, 2077OP15, 2077OP16, 2077OP17, 2077OP2, 2077OP23, 2077OP26, 2077OP27, 2077OP28, 2077OP29, 2077OP3, 2077OP30, 2077OP31, 2077OP32, 2077OP4";9BM382189EB915848;"MERCEDES BENZ";"O 500 U";NO;JN:NACIONAL;SI;"OLEU:2027-09-05, IE:2027-09-05, AC:2027-12-31, OLP:2027-12-31"
OMG317;966;"OFERTA LIBRE - EVENTO UNICO, INTERJURISDICCIONAL - EVENTO UNICO, SERVICIO COMÚN MEDIA DISTANCIA x AUTOPISTA, OFERTA LIBRE - PERIODICO";2014;45;2077;30546500086;"LA NUEVA METROPOL S.A.T.A.C.I.";01/01/2027;422060;CENT;"MEDIA DISTANCIA AUTOPISTA DIFERENCIAL";METALPAR;;96760/2014;;0100/14;"SEVA DT-1050";3719340751;"194, 2077IE, 2077OE, 2077OP1, 2077OP11, 2077OP12, 2077OP13, 2077OP14, 2077OP15, 2077OP16, 2077OP17, 2077OP2, 2077OP23, 2077OP26, 2077OP27, 2077OP28, 2077OP29, 2077OP3, 2077OP30, 2077OP31, 2077OP32, 2077OP4";9BM382189EB915653;"MERCEDES BENZ";"O 500 U";NO;JN:NACIONAL;SI;"OLEU:2027-09-05, IE:2027-09-05, AC:2027-12-31, OLP:2027-12-31"
OMG327;884;"SERVICIO COMÚN MEDIA DISTANCIA x AUTOPISTA";2014;45;2077;30546500086;"LA NUEVA METROPOL S.A.T.A.C.I.";23/11/2026;259638;CENT;"MEDIA DISTANCIA AUTOPISTA DIFERENCIAL";METALPAR;;96760/2014;;0100/14;"SEVA DT-1050";3719340613;194;9BM382189EB915133;"MERCEDES BENZ";"O 500 U";NO;JN:NACIONAL;SI;AC:2027-12-31
ONF111;879;"OFERTA LIBRE - EVENTO UNICO, INTERJURISDICCIONAL - EVENTO UNICO, SERVICIO COMÚN MEDIA DISTANCIA x AUTOPISTA, OFERTA LIBRE - PERIODICO";2014;45;2077;30546500086;"LA NUEVA METROPOL S.A.T.A.C.I.";01/01/2027;422085;CENT;"MEDIA DISTANCIA AUTOPISTA DIFERENCIAL";METALPAR;;96760/2014;;0100/14;"SEVA DT-1050";3718220319;"194, 2077IE, 2077OE, 2077OP1, 2077OP11, 2077OP12, 2077OP13, 2077OP14, 2077OP15, 2077OP16, 2077OP17, 2077OP2, 2077OP23, 2077OP26, 2077OP27, 2077OP28, 2077OP29, 2077OP3, 2077OP30, 2077OP31, 2077OP32, 2077OP4";9BM382189EB906629;"MERCEDES BENZ";"O 500 U";NO;JN:NACIONAL;SI;"OLEU:2027-09-05, IE:2027-09-05, AC:2027-12-31, OLP:2027-12-31"
ONF113;895;"OFERTA LIBRE - EVENTO UNICO, INTERJURISDICCIONAL - EVENTO UNICO, SERVICIO COMÚN MEDIA DISTANCIA x AUTOPISTA, OFERTA LIBRE - PERIODICO";2014;45;2077;30546500086;"LA NUEVA METROPOL S.A.T.A.C.I.";14/11/2026;259415;CENT;"MEDIA DISTANCIA AUTOPISTA DIFERENCIAL";METALPAR;;96760/2014;;0100/14;"SEVA DT-1050";3718220344;"194, 2077IE, 2077OE, 2077OP1, 2077OP11, 2077OP12, 2077OP13, 2077OP14, 2077OP15, 2077OP16, 2077OP17, 2077OP2, 2077OP23, 2077OP26, 2077OP27, 2077OP28, 2077OP29, 2077OP3, 2077OP30, 2077OP31, 2077OP32, 2077OP4";9BM382189EB907324;"MERCEDES BENZ";"O 500 U";NO;JN:NACIONAL;SI;"OLEU:2027-09-05, IE:2027-09-05, AC:2027-12-31, OLP:2027-12-31"
ONF115;888;"OFERTA LIBRE - EVENTO UNICO, INTERJURISDICCIONAL - EVENTO UNICO, SERVICIO COMÚN MEDIA DISTANCIA x AUTOPISTA, OFERTA LIBRE - PERIODICO";2014;45;2077;30546500086;"LA NUEVA METROPOL S.A.T.A.C.I.";30/11/2026;260302;CENT;"MEDIA DISTANCIA AUTOPISTA DIFERENCIAL";METALPAR;;96760/2014;;0100/14;"SEVA DT-1050";3719340730;"194, 2077IE, 2077OE, 2077OP1, 2077OP11, 2077OP12, 2077OP13, 2077OP14, 2077OP15, 2077OP16, 2077OP17, 2077OP2, 2077OP23, 2077OP26, 2077OP27, 2077OP28, 2077OP29, 2077OP3, 2077OP30, 2077OP31, 2077OP32, 2077OP4";9BM382189EB904892;"MERCEDES BENZ";"O 500 U";NO;JN:NACIONAL;SI;"OLEU:2027-09-05, IE:2027-09-05, AC:2027-12-31, OLP:2027-12-31"
ONM090;886;"OFERTA LIBRE - EVENTO UNICO, INTERJURISDICCIONAL - EVENTO UNICO, SERVICIO COMÚN MEDIA DISTANCIA x AUTOPISTA, OFERTA LIBRE - PERIODICO";2014;45;2077;30546500086;"LA NUEVA METROPOL S.A.T.A.C.I.";14/12/2026;419367;CENT;"MEDIA DISTANCIA AUTOPISTA DIFERENCIAL";METALPAR;;96760/2014;;0100/14;"SEVA DT-1050";3718454183;"194, 2077IE, 2077OE, 2077OP1, 2077OP11, 2077OP12, 2077OP13, 2077OP14, 2077OP15, 2077OP16, 2077OP17, 2077OP2, 2077OP23, 2077OP26, 2077OP27, 2077OP28, 2077OP29, 2077OP3, 2077OP30, 2077OP31, 2077OP32, 2077OP4";9BM382189EB914184;"MERCEDES BENZ";"O 500 U";NO;JN:NACIONAL;SI;"OLEU:2027-09-05, IE:2027-09-05, AC:2027-12-31, OLP:2027-12-31"
